TransactionID,SaleDate,CustomerID,ProductID,StoreID,CampaignID,SaleAmount,DiscountPercent,PaymentType
1,5/4/2025,1034,2059,402,0.0,2048.2,10%,Debit
2,5/4/2025,1066,2048,403,1.0,321.87,20%,Credit
3,5/4/2025,1116,2041,403,3.0,3216.84,75%,Debit
4,5/4/2025,1071,2096,404,2.0,1613.23,75%,Debit
5,5/4/2025,1020,2060,401,0.0,408.38,75%,Debit
6,5/4/2025,1089,2028,401,0.0,1275.88,25%,Debit
7,5/4/2025,1193,2003,402,1.0,346.66,15%,Debit
8,5/4/2025,1005,2079,402,1.0,855.49,50%,Debit
9,5/4/2025,1032,2060,401,1.0,735.08,50%,Credit
10,5/4/2025,1119,2089,403,2.0,661.63,50%,Debit
11,5/4/2025,1042,2077,401,,505.65,20%,Debit
12,5/4/2025,1079,2013,401,2.0,0,20%,Debit
13,5/4/2025,1147,2086,404,3.0,4470.5,25%,Debit
14,5/4/2025,1183,2025,401,1.0,503.32,10%,Debit
15,5/4/2025,1026,2089,403,0.0,413.52,20%,Credit
16,5/4/2025,1144,2005,403,3.0,1715.12,10%,Credit
17,5/4/2025,1169,2047,401,2.0,535.97,20%,Cash
18,5/4/2025,1003,2053,404,0.0,3660.9,20%,Debit
19,5/4/2025,1110,2046,404,1.0,30.09,10%,Debit
20,5/4/2025,1111,2022,403,3.0,671.18,15%,Credit
21,5/4/2025,1119,2055,403,2.0,?,20%,Debit
22,5/4/2025,1062,2011,403,3.0,1229.22,75%,Credit
23,5/4/2025,1062,2096,404,3.0,672.18,10%,Debit
24,5/4/2025,1086,2003,404,2.0,924.43,20%,Cash
25,5/4/2025,1046,2062,402,2.0,1981.95,10%,Cash
26,5/4/2025,1066,2043,403,2.0,698.76,20%,Cash
27,5/4/2025,1142,2001,402,0.0,1237.05,20%,Cash
28,5/4/2025,1061,2092,404,3.0,482.21,20%,Debit
29,5/4/2025,1142,2097,402,3.0,4210.5,20%,Credit
30,5/4/2025,1165,2091,404,3.0,4528.95,20%,Debit
31,2023-13-01,1004,2011,403,1.0,737.53,10%,Debit
32,5/4/2025,1103,2088,402,2.0,0,15%,Credit
33,5/4/2025,1169,2074,403,3.0,0,75%,Debit
34,5/4/2025,1141,2067,403,3.0,872.85,15%,Debit
35,5/4/2025,1190,2070,403,2.0,54.69,10%,Debit
36,5/4/2025,1179,2058,403,2.0,1066.8,50%,Debit
37,5/4/2025,1064,2029,401,1.0,12.16,10%,Cash
38,5/4/2025,1080,2015,402,1.0,3037.36,75%,Cash
39,5/4/2025,1055,2094,404,2.0,1578.72,10%,Credit
40,5/4/2025,1185,2075,403,0.0,0,10%,Debit
41,5/4/2025,9999,2037,402,2.0,288.11,15%,Debit
42,5/4/2025,1045,2038,401,1.0,1667.72,15%,Credit
43,5/4/2025,1070,2005,401,2.0,686.05,10%,Debit
44,5/4/2025,1178,2016,404,0.0,0,20%,Debit
45,5/4/2025,1003,2073,403,3.0,1498.29,10%,Credit
46,5/4/2025,1122,2056,403,1.0,944.5,10%,Debit
47,5/4/2025,1013,2032,404,0.0,2836.8,20%,Debit
48,5/4/2025,1016,2051,404,0.0,117.32,75%,Debit
49,5/4/2025,1147,2080,401,1.0,0,75%,Debit
50,5/4/2025,1038,2072,403,0.0,840.6,15%,Cash
51,5/4/2025,1063,2015,404,1.0,1214.95,20%,Cash
52,5/4/2025,1198,2066,404,3.0,516.06,20%,Credit
53,5/4/2025,1113,2038,404,2.0,2223.62,20%,Credit
54,5/4/2025,1145,2079,401,0.0,1901.08,20%,Credit
55,5/4/2025,1195,2026,402,2.0,507.74,20%,Debit
56,5/4/2025,1169,2010,402,1.0,140.11,20%,Debit
57,5/4/2025,1044,2070,401,1.0,0,15%,Debit
58,5/4/2025,1000,2052,404,3.0,2193.78,15%,Debit
59,5/4/2025,1074,2004,402,2.0,741.8,20%,Credit
60,5/4/2025,1180,2036,404,0.0,217.98,10%,Cash
61,5/4/2025,1175,2029,403,1.0,36.48,20%,Debit
62,5/4/2025,1108,2014,402,1.0,221.67,25%,Debit
63,5/4/2025,1068,2018,401,0.0,2169.04,10%,Cash
64,5/4/2025,1042,2039,403,3.0,2929.32,10%,Debit
65,5/4/2025,1031,2059,403,3.0,0,10%,Debit
66,5/4/2025,1069,2064,404,3.0,1470.2,25%,Cash
67,5/4/2025,1020,2076,401,3.0,4836.42,50%,Cash
68,5/4/2025,1188,2041,403,0.0,1608.42,50%,Debit
69,5/4/2025,1023,2029,401,2.0,0,10%,Debit
70,5/4/2025,1147,2005,402,3.0,0,10%,Debit
71,5/4/2025,1132,2083,404,2.0,614.53,75%,Cash
72,5/4/2025,1046,2074,404,3.0,659.5,15%,Debit
73,5/4/2025,1023,2060,403,3.0,1225.14,10%,Credit
74,5/4/2025,1085,2041,401,1.0,1447.58,10%,Credit
75,5/4/2025,1084,2052,404,2.0,2925.04,10%,Debit
76,5/4/2025,1169,2051,401,3.0,117.32,20%,Credit
77,5/4/2025,1022,2040,403,2.0,55.26,10%,Debit
78,5/4/2025,1029,2098,404,0.0,3631.44,15%,Debit
79,5/4/2025,1168,2069,404,3.0,232.39,15%,Cash
80,5/4/2025,1013,2024,403,3.0,372.81,15%,Debit
81,5/4/2025,1160,2056,401,1.0,472.25,20%,Debit
82,5/4/2025,1068,2070,402,2.0,109.38,10%,Debit
83,5/4/2025,1112,2089,404,0.0,2067.6,75%,Credit
84,5/4/2025,1007,2080,402,1.0,1498.07,20%,Credit
85,5/4/2025,1079,2070,401,3.0,34.18,10%,Debit
86,5/4/2025,1023,2028,401,3.0,2551.76,10%,Credit
87,5/4/2025,1030,2082,402,3.0,799.8,10%,Credit
88,5/4/2025,1183,2037,403,3.0,2160.84,25%,Cash
89,5/4/2025,1123,2060,402,3.0,2450.28,20%,Cash
90,5/4/2025,1141,2018,404,1.0,2440.17,20%,Cash
91,5/4/2025,1153,2065,402,0.0,470.34,10%,Cash
92,5/4/2025,1070,2098,404,2.0,0,10%,Debit
93,5/4/2025,1129,2034,401,2.0,108.94,20%,Credit
94,5/4/2025,1185,2038,404,1.0,1667.72,20%,Debit
95,5/4/2025,1114,2068,404,2.0,656.19,25%,Debit
96,5/4/2025,1085,2070,404,3.0,0,75%,Debit
97,5/4/2025,1082,2024,402,3.0,372.81,15%,Cash
98,5/4/2025,1059,2099,404,0.0,1292.64,10%,Cash
99,5/4/2025,1081,2095,404,3.0,490.79,20%,Debit
100,5/4/2025,1098,2084,402,3.0,0,15%,Debit
101,5/4/2025,1009,2016,403,0.0,969.06,10%,Debit
102,5/4/2025,1112,2012,404,0.0,1869.57,20%,Credit
103,5/4/2025,1184,2018,404,1.0,488.03,20%,Debit
104,5/4/2025,1019,2060,403,2.0,0,20%,Debit
105,5/4/2025,1159,2088,404,0.0,0,15%,Cash
106,5/4/2025,1084,2086,404,2.0,2861.12,25%,Debit
107,5/4/2025,1160,2091,404,0.0,905.79,10%,Credit
108,5/4/2025,1158,2008,402,2.0,159.82,15%,Cash
109,5/4/2025,1058,2095,401,3.0,2453.95,25%,Credit
110,5/4/2025,1025,2097,401,3.0,842.1,20%,Debit
111,5/4/2025,1042,2088,403,0.0,709.35,50%,Debit
112,5/4/2025,1011,2041,401,2.0,0,75%,Debit
113,5/4/2025,1091,2047,404,1.0,0,50%,Credit
114,5/4/2025,1062,2067,404,1.0,0,20%,Cash
115,5/4/2025,1043,2022,401,3.0,2684.72,20%,Cash
116,5/4/2025,1158,2087,402,3.0,477.96,10%,Credit
117,5/4/2025,1149,2018,402,3.0,1626.78,25%,Credit
118,5/4/2025,1163,2032,404,2.0,756.48,10%,Debit
119,5/4/2025,1170,2001,404,2.0,659.76,10%,Cash
120,5/4/2025,1173,2069,402,0.0,464.78,50%,Cash
121,5/4/2025,1113,2044,403,3.0,0,25%,Cash
122,5/4/2025,1176,2032,404,2.0,756.48,50%,Debit
123,5/4/2025,1050,2049,404,0.0,2819.52,75%,Cash
124,5/4/2025,1060,2048,403,2.0,1144.42,10%,Debit
125,5/4/2025,1179,2037,401,3.0,1440.56,20%,Debit
126,5/4/2025,1070,2001,401,3.0,0,75%,Debit
127,5/4/2025,1073,2099,402,2.0,0,10%,Cash
128,5/4/2025,1056,2081,402,2.0,0,75%,Debit
129,5/4/2025,1173,2096,402,0.0,672.18,25%,Cash
130,5/4/2025,1160,2082,401,2.0,426.56,15%,Debit
131,5/4/2025,1112,2004,403,1.0,1669.05,75%,Credit
132,5/4/2025,1023,2037,403,3.0,2160.84,50%,Credit
133,5/4/2025,1044,2025,402,2.0,223.7,20%,Credit
134,5/4/2025,1135,2064,403,1.0,793.91,15%,Debit
135,5/4/2025,1065,2061,403,2.0,639.74,20%,Credit
136,5/4/2025,1029,2059,401,1.0,921.69,75%,Cash
137,5/4/2025,1193,2028,404,2.0,1531.06,20%,Credit
138,5/4/2025,1023,2050,401,2.0,298.85,10%,Cash
139,5/4/2025,1137,2015,404,2.0,539.98,15%,Debit
140,5/4/2025,1172,2095,403,3.0,2453.95,20%,Cash
141,5/4/2025,1163,2047,401,1.0,301.48,75%,Debit
142,5/4/2025,1120,2003,403,1.0,1039.99,20%,Debit
143,5/4/2025,1165,2008,404,2.0,53.27,75%,Debit
144,5/4/2025,1166,2052,401,1.0,658.13,25%,Debit
145,5/4/2025,1011,2004,403,3.0,3709,50%,Debit
146,5/4/2025,1029,2012,402,1.0,0,15%,Credit
147,5/4/2025,1099,2058,403,3.0,666.75,20%,Debit
148,5/4/2025,1150,2095,402,3.0,490.79,75%,Debit
149,5/4/2025,1167,2012,404,3.0,0,20%,Credit
150,5/4/2025,1071,2004,403,1.0,834.52,15%,Credit
151,5/4/2025,1113,2056,402,2.0,839.55,75%,Credit
152,5/4/2025,1025,2087,403,2.0,0,25%,Debit
153,5/4/2025,1015,2050,403,1.0,504.31,75%,Credit
154,5/4/2025,1031,2058,401,1.0,2400.3,10%,Debit
155,5/4/2025,1164,2081,401,0.0,2984.88,10%,Debit
156,5/4/2025,1085,2031,402,1.0,508.77,20%,Debit
157,5/4/2025,1017,2097,402,1.0,757.89,25%,Debit
158,5/4/2025,1059,2042,402,0.0,0,10%,Debit
159,5/4/2025,1070,2018,402,2.0,0,10%,Debit
160,5/4/2025,1044,2014,401,1.0,886.68,15%,Cash
161,5/4/2025,1003,2045,402,2.0,499.42,20%,Credit
162,5/4/2025,1004,2022,403,0.0,671.18,10%,Cash
163,5/4/2025,1032,2094,404,0.0,493.35,75%,Cash
164,5/4/2025,1190,2008,404,3.0,266.36,10%,Debit
165,5/4/2025,1199,2046,401,3.0,167.15,75%,Credit
166,5/4/2025,1128,2028,401,2.0,2041.41,50%,Debit
167,5/4/2025,1117,2082,401,0.0,799.8,10%,Debit
168,5/4/2025,1122,2051,404,0.0,234.64,75%,Debit
169,5/4/2025,1125,2091,404,0.0,1811.58,20%,Debit
170,5/4/2025,1020,2041,402,0.0,0,20%,Debit
171,5/4/2025,1032,2035,403,3.0,4499.95,20%,Credit
172,5/4/2025,1152,2067,403,3.0,872.85,50%,Credit
173,5/4/2025,1129,2077,404,0.0,2809.15,75%,Cash
174,5/4/2025,1179,2014,402,3.0,738.9,25%,Debit
175,5/4/2025,1115,2029,404,2.0,0,50%,Debit
176,5/4/2025,1116,2051,404,0.0,351.96,75%,Credit
177,5/4/2025,1080,2054,403,2.0,3602.04,25%,Debit
178,5/4/2025,1095,2019,404,0.0,933.93,15%,Debit
179,5/4/2025,1023,2010,401,3.0,0,20%,Credit
180,5/4/2025,1024,2095,403,1.0,3533.69,50%,Cash
181,5/4/2025,1142,2007,403,0.0,583.39,20%,Credit
182,5/4/2025,1105,2045,404,0.0,624.28,10%,Credit
183,5/4/2025,1073,2076,403,2.0,1934.57,50%,Cash
184,5/4/2025,1026,2073,402,1.0,1797.95,10%,Debit
185,5/4/2025,1168,2061,402,0.0,599.76,10%,Credit
186,5/4/2025,1089,2071,403,0.0,0,25%,Debit
187,5/4/2025,1195,2035,402,3.0,0,20%,Debit
188,5/4/2025,1143,2098,401,2.0,2178.86,20%,Debit
189,5/4/2025,1007,2023,403,2.0,751.63,15%,Credit
190,5/4/2025,1086,2044,401,1.0,373.64,10%,Debit
191,5/4/2025,1036,2072,404,0.0,1260.9,10%,Debit
192,5/4/2025,1036,2094,401,0.0,2466.75,10%,Credit
193,5/4/2025,1191,2067,402,3.0,872.85,15%,Credit
194,5/4/2025,1107,2058,403,1.0,1800.22,10%,Debit
195,5/4/2025,1094,2039,403,0.0,1952.88,75%,Cash
196,5/4/2025,1013,2019,402,0.0,0,25%,Debit
197,5/4/2025,1172,2010,403,3.0,0,15%,Debit
198,5/4/2025,1169,2054,404,3.0,900.51,25%,Cash
199,5/4/2025,1106,2034,402,0.0,136.17,50%,Cash
200,5/4/2025,1088,2055,401,2.0,129.46,75%,Credit
201,5/4/2025,1173,2086,404,2.0,715.28,75%,Debit
202,5/4/2025,1011,2028,404,0.0,0,20%,Debit
203,5/4/2025,1001,2026,403,1.0,190.4,15%,Debit
204,5/4/2025,1196,2017,403,2.0,370.96,75%,Debit
205,5/4/2025,1083,2015,401,3.0,0,20%,Debit
206,5/4/2025,1191,2055,402,1.0,48.55,20%,Debit
207,5/4/2025,1097,2068,402,2.0,1312.38,15%,Debit
208,5/4/2025,1018,2050,401,3.0,0,75%,Credit
209,5/4/2025,1004,2058,401,2.0,1066.8,10%,Cash
210,5/4/2025,1147,2054,404,3.0,2701.53,10%,Credit
211,5/4/2025,1074,2014,404,0.0,738.9,10%,Cash
212,5/4/2025,1083,2021,404,2.0,668.33,50%,Debit
213,5/4/2025,1022,2055,401,1.0,97.09,20%,Credit
214,5/4/2025,1111,2075,404,0.0,1561.28,75%,Debit
215,5/4/2025,1101,2039,403,1.0,2636.39,20%,Credit
216,5/4/2025,1085,2099,402,0.0,646.32,10%,Cash
217,5/4/2025,1130,2081,401,1.0,1343.2,10%,Credit
218,5/4/2025,1198,2044,403,1.0,186.82,20%,Debit
219,5/4/2025,1060,2013,402,2.0,0,25%,Credit
220,5/4/2025,1050,2022,402,0.0,671.18,50%,Cash
221,5/4/2025,1045,2098,404,3.0,907.86,75%,Cash
222,5/4/2025,1193,2072,404,2.0,1681.2,20%,Debit
223,5/4/2025,1160,2040,402,3.0,138.16,20%,Debit
224,5/4/2025,1017,2060,404,2.0,0,10%,Debit
225,5/4/2025,1070,2075,401,2.0,624.51,10%,Debit
226,5/4/2025,1129,2009,403,3.0,198.93,20%,Debit
227,5/4/2025,1115,2004,401,2.0,2225.4,10%,Credit
228,5/4/2025,1073,2009,401,3.0,66.31,20%,Credit
229,5/4/2025,1118,2074,401,3.0,659.5,10%,Credit
230,5/4/2025,1146,2083,402,2.0,614.53,20%,Credit
231,5/4/2025,1154,2060,402,0.0,408.38,15%,Credit
232,5/4/2025,1115,2013,403,0.0,2806.08,15%,Debit
233,5/4/2025,1129,2082,402,0.0,1066.4,25%,Debit
234,5/4/2025,1063,2090,404,3.0,71.64,20%,Credit
235,5/4/2025,1134,2066,402,2.0,1238.54,10%,Debit
236,5/4/2025,1095,2036,404,3.0,653.94,75%,Credit
237,5/4/2025,1198,2043,401,2.0,1397.52,75%,Debit
238,5/4/2025,1016,2042,401,3.0,0,10%,Credit
239,5/4/2025,1072,2032,402,2.0,1512.96,10%,Credit
240,5/4/2025,1020,2074,402,2.0,527.6,10%,Debit
241,5/4/2025,1079,2083,404,1.0,691.34,15%,Debit
242,5/4/2025,1152,2090,401,2.0,57.31,50%,Cash
243,5/4/2025,1143,2048,403,1.0,0,15%,Credit
244,5/4/2025,1171,2089,401,3.0,1654.08,10%,Credit
245,5/4/2025,1130,2046,401,2.0,106.98,10%,Debit
246,5/4/2025,1079,2023,402,2.0,3006.53,15%,Credit
247,5/4/2025,1196,2062,402,1.0,1114.85,75%,Debit
248,5/4/2025,1035,2019,401,2.0,0,75%,Debit
249,5/4/2025,1025,2064,401,2.0,705.7,20%,Debit
250,5/4/2025,1196,2079,402,3.0,2851.62,10%,Cash
251,5/4/2025,1039,2020,402,1.0,338.25,50%,Credit
252,5/4/2025,1184,2056,401,3.0,1574.16,50%,Debit
253,5/4/2025,1093,2086,402,3.0,3576.4,20%,Debit
254,5/4/2025,1156,2036,404,1.0,392.36,50%,Cash
255,5/4/2025,1136,2030,403,3.0,509.91,15%,Debit
256,5/4/2025,1049,2047,404,3.0,1674.9,10%,Credit
257,5/4/2025,1196,2036,404,3.0,0,50%,Debit
258,5/4/2025,1041,2025,402,2.0,671.09,10%,Debit
259,5/4/2025,1013,2082,404,2.0,1066.4,75%,Debit
260,5/4/2025,1141,2013,401,2.0,748.29,75%,Cash
261,5/4/2025,1021,2097,402,2.0,673.68,10%,Debit
262,5/4/2025,1115,2065,402,3.0,1881.36,20%,Debit
263,5/4/2025,1023,2028,404,2.0,510.35,10%,Cash
264,5/4/2025,1006,2053,401,3.0,610.15,75%,Debit
265,5/4/2025,1128,2047,402,3.0,1004.94,15%,Cash
266,5/4/2025,1020,2047,402,0.0,669.96,75%,Debit
267,5/4/2025,1081,2012,403,1.0,1682.61,10%,Cash
268,5/4/2025,1035,2004,403,3.0,927.25,15%,Debit
269,5/4/2025,1178,2017,404,3.0,1854.8,20%,Credit
270,5/4/2025,1157,2000,401,0.0,1938.62,20%,Credit
271,5/4/2025,1065,2027,402,3.0,775.83,20%,Debit
272,5/4/2025,1028,2099,403,1.0,3490.13,20%,Debit
273,5/4/2025,1077,2015,401,1.0,1822.42,10%,Credit
274,5/4/2025,1107,2081,404,0.0,2238.66,25%,Cash
275,5/4/2025,1028,2063,401,1.0,994.43,75%,Credit
276,5/4/2025,1183,2018,403,3.0,2711.3,25%,Debit
277,5/4/2025,1000,2078,403,1.0,0,50%,Debit
278,5/4/2025,1146,2053,402,0.0,1220.3,25%,Debit
279,5/4/2025,1134,2046,401,0.0,33.43,20%,Cash
280,5/4/2025,1099,2060,401,3.0,1633.52,20%,Debit
281,5/4/2025,1095,2032,401,2.0,1512.96,15%,Credit
282,5/4/2025,1017,2044,402,0.0,207.58,75%,Debit
283,5/4/2025,1197,2074,403,1.0,593.55,10%,Debit
284,5/4/2025,1011,2045,403,1.0,842.78,15%,Debit
285,5/4/2025,1199,2087,404,3.0,159.32,75%,Cash
286,5/4/2025,1161,2023,402,0.0,939.54,20%,Credit
287,5/4/2025,1183,2099,404,0.0,1292.64,50%,Cash
288,5/4/2025,1075,2025,401,1.0,0,10%,Debit
289,5/4/2025,1010,2040,403,3.0,138.16,15%,Debit
290,5/4/2025,1139,2060,403,0.0,1225.14,75%,Cash
291,5/4/2025,1192,2082,402,2.0,213.28,10%,Debit
292,5/4/2025,1091,2099,401,2.0,1034.11,10%,Debit
293,5/4/2025,1069,2015,403,3.0,2699.88,20%,Credit
294,5/4/2025,1102,2095,404,3.0,1472.37,20%,Credit
295,5/4/2025,1086,2023,404,3.0,3758.16,50%,Debit
296,5/4/2025,1094,2066,403,0.0,1032.12,75%,Debit
297,5/4/2025,1186,2054,401,3.0,0,10%,Credit
298,5/4/2025,1154,2023,403,2.0,751.63,50%,Debit
299,5/4/2025,1026,2010,403,2.0,62.27,10%,Debit
300,5/4/2025,1078,2057,404,1.0,393.28,10%,Debit
301,5/4/2025,1176,2056,403,3.0,524.72,10%,Debit
302,5/4/2025,1010,2093,403,3.0,0,15%,Credit
303,5/4/2025,1070,2081,401,0.0,1492.44,10%,Credit
304,5/4/2025,1171,2081,404,2.0,596.98,75%,Debit
305,5/4/2025,1131,2095,402,0.0,1472.37,50%,Credit
306,5/4/2025,1036,2077,404,0.0,1123.66,15%,Cash
307,5/4/2025,1032,2008,402,2.0,106.54,75%,Debit
308,5/4/2025,1092,2049,401,1.0,0,10%,Debit
309,5/4/2025,1173,2057,403,2.0,349.58,75%,Debit
310,5/4/2025,1113,2097,401,1.0,757.89,10%,Debit
311,5/4/2025,1135,2046,404,2.0,80.23,20%,Debit
312,5/4/2025,1166,2035,402,0.0,899.99,10%,Cash
313,5/4/2025,1006,2094,402,3.0,1480.05,50%,Debit
314,5/4/2025,1132,2049,401,2.0,1503.74,10%,Credit
315,5/4/2025,1198,2033,404,1.0,2257.88,10%,Debit
316,5/4/2025,1156,2036,404,1.0,784.73,15%,Debit
317,5/4/2025,1031,2017,401,3.0,0,15%,Debit
318,5/4/2025,1044,2091,404,0.0,1811.58,15%,Debit
319,5/4/2025,1174,2040,403,0.0,34.54,20%,Debit
320,5/4/2025,1140,2069,403,2.0,557.74,20%,Cash
321,5/4/2025,1040,2091,402,2.0,724.63,20%,Credit
322,5/4/2025,1130,2028,401,1.0,574.15,10%,Cash
323,5/4/2025,1035,2030,404,0.0,339.94,20%,Debit
324,5/4/2025,1092,2070,403,3.0,102.54,10%,Debit
325,5/4/2025,1141,2016,401,0.0,0,15%,Debit
326,5/4/2025,1079,2050,404,3.0,186.78,50%,Debit
327,5/4/2025,1196,2052,401,1.0,2632.54,20%,Credit
328,5/4/2025,1081,2082,401,3.0,1066.4,20%,Credit
329,5/4/2025,1119,2087,403,1.0,0,75%,Debit
330,5/4/2025,1199,2070,402,1.0,30.76,75%,Debit
331,5/4/2025,1110,2064,401,0.0,0,10%,Credit
332,5/4/2025,1132,2019,403,1.0,1681.07,15%,Credit
333,5/4/2025,1041,2041,402,2.0,643.37,20%,Debit
334,5/4/2025,1132,2036,401,2.0,348.77,25%,Debit
335,5/4/2025,1050,2081,403,1.0,2686.39,10%,Credit
336,5/4/2025,1160,2038,401,1.0,0,75%,Debit
337,5/4/2025,1151,2074,402,1.0,1187.1,10%,Debit
338,5/4/2025,1168,2079,403,0.0,1901.08,20%,Credit
339,5/4/2025,1007,2010,401,2.0,62.27,50%,Debit
340,5/4/2025,1166,2026,404,0.0,0,20%,Cash
341,5/4/2025,1127,2080,403,2.0,1997.42,75%,Credit
342,5/4/2025,1123,2031,404,2.0,1356.72,75%,Debit
343,5/4/2025,1116,2009,401,1.0,119.36,10%,Debit
344,5/4/2025,1112,2053,404,3.0,0,15%,Cash
345,5/4/2025,1052,2043,402,2.0,698.76,25%,Credit
346,5/4/2025,1183,2040,403,3.0,103.62,10%,Debit
347,5/4/2025,1033,2097,403,0.0,4210.5,20%,Debit
348,5/4/2025,1081,2030,404,0.0,339.94,75%,Debit
349,5/4/2025,1068,2057,402,1.0,1179.85,75%,Credit
350,5/4/2025,1024,2006,403,3.0,594,15%,Credit
351,5/4/2025,1157,2053,402,1.0,1098.27,20%,Credit
352,5/4/2025,1083,2073,403,1.0,2247.44,10%,Cash
353,5/4/2025,1195,2020,404,3.0,1879.15,50%,Credit
354,5/4/2025,1127,2039,404,0.0,1952.88,10%,Debit
355,5/4/2025,1023,2050,404,1.0,0,20%,Debit
356,5/4/2025,1055,2074,403,0.0,1978.5,75%,Cash
357,5/4/2025,1012,2036,404,3.0,653.94,20%,Debit
358,5/4/2025,1073,2068,401,0.0,2460.72,20%,Debit
359,5/4/2025,1110,2017,403,2.0,370.96,10%,Credit
360,5/4/2025,1195,2051,403,0.0,117.32,20%,Debit
361,5/4/2025,1102,2006,402,2.0,792,75%,Debit
362,5/4/2025,1141,2036,401,3.0,871.92,25%,Cash
363,5/4/2025,1129,2057,403,0.0,1747.92,10%,Credit
364,5/4/2025,1032,2012,404,2.0,997.1,20%,Debit
365,5/4/2025,1086,2071,403,1.0,553.64,75%,Debit
366,5/4/2025,1050,2077,404,0.0,561.83,10%,Cash
367,5/4/2025,1011,2004,402,2.0,0,15%,Credit
368,5/4/2025,1121,2066,404,1.0,0,75%,Credit
369,5/4/2025,1155,2065,402,2.0,1128.82,25%,Cash
370,5/4/2025,1156,2040,402,3.0,138.16,15%,Debit
371,5/4/2025,1157,2094,403,2.0,1578.72,75%,Debit
372,5/4/2025,1129,2065,404,2.0,752.54,15%,Debit
373,5/4/2025,1121,2002,403,2.0,2771.2,20%,Credit
374,5/4/2025,1172,2014,404,2.0,197.04,25%,Cash
375,5/4/2025,1185,2088,401,3.0,2128.05,10%,Debit
376,5/4/2025,1067,2083,402,0.0,0,20%,Debit
377,5/4/2025,1149,2061,402,3.0,1199.52,50%,Credit
378,5/4/2025,1037,2087,402,0.0,318.64,20%,Credit
379,5/4/2025,1146,2089,401,1.0,744.34,10%,Credit
380,5/4/2025,1004,2056,403,3.0,2098.88,50%,Debit
381,5/4/2025,1038,2052,402,3.0,2193.78,20%,Debit
382,5/4/2025,1128,2099,404,0.0,3877.92,20%,Debit
383,5/4/2025,1180,2017,402,2.0,741.92,10%,Cash
384,5/4/2025,1169,2061,404,2.0,319.87,20%,Cash
385,5/4/2025,1044,2058,403,2.0,1066.8,15%,Cash
386,5/4/2025,1173,2098,403,3.0,3631.44,20%,Cash
387,5/4/2025,1049,2031,403,2.0,1356.72,15%,Debit
388,5/4/2025,1057,2038,403,1.0,2501.58,10%,Debit
389,5/4/2025,1176,2090,404,2.0,343.87,20%,Debit
390,5/4/2025,1122,2044,403,2.0,166.06,10%,Cash
391,5/4/2025,1031,2073,404,3.0,1498.29,10%,Debit
392,5/4/2025,1088,2098,402,2.0,726.29,10%,Credit
393,5/4/2025,1010,2036,401,2.0,348.77,50%,Credit
394,5/4/2025,1113,2083,403,3.0,3072.64,10%,Debit
395,5/4/2025,1054,2025,403,2.0,671.09,75%,Debit
396,5/4/2025,1035,2013,402,1.0,1683.65,50%,Debit
397,5/4/2025,1012,2085,402,1.0,217.94,10%,Debit
398,5/4/2025,1013,2012,404,2.0,1994.21,75%,Credit
399,5/4/2025,1183,2060,401,1.0,367.54,10%,Debit
400,5/4/2025,1001,2070,402,3.0,102.54,20%,Credit
401,5/4/2025,1167,2060,404,1.0,735.08,50%,Credit
402,5/4/2025,1193,2036,403,2.0,348.77,15%,Credit
403,5/4/2025,1165,2007,401,1.0,0,15%,Debit
404,5/4/2025,1136,2094,401,1.0,1776.06,10%,Cash
405,5/4/2025,1106,2022,401,3.0,671.18,10%,Debit
406,5/4/2025,1126,2023,403,0.0,0,20%,Credit
407,5/4/2025,1002,2038,401,2.0,1482.42,10%,Debit
408,5/4/2025,1072,2058,404,1.0,1200.15,75%,Cash
409,5/4/2025,1129,2059,403,1.0,1382.54,75%,Credit
410,5/4/2025,1028,2042,402,3.0,502.83,10%,Credit
411,5/4/2025,1165,2032,402,0.0,0,10%,Debit
412,5/4/2025,1188,2043,403,1.0,1572.21,75%,Debit
413,5/4/2025,1044,2078,404,3.0,426.03,50%,Debit
414,5/4/2025,1131,2041,401,3.0,3216.84,25%,Credit
415,5/4/2025,1171,2012,402,1.0,1121.74,15%,Credit
416,5/4/2025,1122,2041,402,0.0,1608.42,20%,Cash
417,5/4/2025,1066,2049,402,3.0,0,20%,Debit
418,5/4/2025,1192,2034,403,2.0,326.81,10%,Credit
419,5/4/2025,1149,2092,401,2.0,1157.3,75%,Cash
420,5/4/2025,1167,2046,402,0.0,133.72,10%,Cash
421,5/4/2025,1170,2015,404,2.0,0,10%,Cash
422,5/4/2025,1040,2051,403,0.0,469.28,20%,Debit
423,5/4/2025,1163,2037,403,1.0,0,20%,Cash
424,5/4/2025,1056,2017,404,1.0,834.66,50%,Cash
425,5/4/2025,1116,2095,403,3.0,490.79,25%,Credit
426,5/4/2025,1179,2070,404,1.0,61.52,20%,Debit
427,5/4/2025,1195,2031,401,3.0,1695.9,75%,Debit
428,5/4/2025,1135,2090,403,0.0,0,10%,Debit
429,5/4/2025,1144,2014,401,1.0,443.34,75%,Debit
430,5/4/2025,1146,2068,402,1.0,2952.86,10%,Credit
431,5/4/2025,1083,2066,404,0.0,516.06,20%,Debit
432,5/4/2025,1174,2026,404,0.0,423.12,75%,Credit
433,5/4/2025,1130,2057,401,3.0,1747.92,20%,Credit
434,5/4/2025,1033,2065,404,3.0,0,20%,Debit
435,5/4/2025,1144,2007,404,2.0,933.42,10%,Cash
436,5/4/2025,1185,2002,404,2.0,692.8,20%,Debit
437,5/4/2025,1000,2095,402,0.0,0,75%,Debit
438,5/4/2025,1011,2054,403,0.0,900.51,75%,Debit
439,5/4/2025,1138,2007,401,3.0,2333.56,75%,Credit
440,5/4/2025,1008,2036,404,1.0,196.18,15%,Debit
441,5/4/2025,1196,2017,404,2.0,741.92,10%,Debit
442,5/4/2025,1097,2057,404,3.0,436.98,15%,Cash
443,5/4/2025,1020,2087,402,2.0,637.28,20%,Cash
444,5/4/2025,1030,2022,404,1.0,604.06,75%,Debit
445,5/4/2025,1186,2028,401,0.0,2551.76,25%,Credit
446,5/4/2025,1076,2059,404,3.0,1536.15,10%,Cash
447,5/4/2025,1058,2031,404,2.0,0,20%,Credit
448,5/4/2025,1039,2035,402,0.0,899.99,20%,Debit
449,5/4/2025,1008,2084,404,0.0,845.55,75%,Debit
450,5/4/2025,1061,2026,401,0.0,423.12,10%,Credit
451,5/4/2025,1152,2004,404,0.0,2781.75,10%,Debit
452,5/4/2025,1062,2094,401,3.0,1973.4,75%,Credit
453,5/4/2025,1112,2029,402,0.0,13.51,15%,Credit
454,5/4/2025,1035,2064,403,1.0,0,10%,Debit
455,5/4/2025,1187,2073,403,2.0,399.54,10%,Debit
456,5/4/2025,1060,2038,402,1.0,3335.44,15%,Cash
457,5/4/2025,1105,2038,403,0.0,1853.02,25%,Debit
458,5/4/2025,1142,2075,402,3.0,3903.2,25%,Cash
459,5/4/2025,1142,2063,401,2.0,1325.9,20%,Debit
460,5/4/2025,1164,2085,404,2.0,387.44,75%,Debit
461,5/4/2025,1178,2053,404,1.0,1647.4,50%,Debit
462,5/4/2025,1076,2048,402,3.0,1072.89,75%,Credit
463,5/4/2025,1061,2028,403,1.0,1148.29,20%,Debit
464,5/4/2025,1118,2007,404,3.0,1750.17,20%,Debit
465,5/4/2025,1142,2067,402,3.0,1163.8,15%,Debit
466,5/4/2025,1062,2032,402,2.0,756.48,50%,Credit
467,5/4/2025,1165,2010,404,2.0,124.54,10%,Debit
468,5/4/2025,1023,2068,402,0.0,2460.72,10%,Credit
469,5/4/2025,1068,2048,401,0.0,715.26,10%,Credit
470,5/4/2025,1048,2097,402,3.0,0,15%,Debit
471,5/4/2025,1053,2042,403,0.0,167.61,20%,Cash
472,5/4/2025,1054,2024,401,3.0,372.81,25%,Cash
473,5/4/2025,1062,2089,402,3.0,1240.56,15%,Cash
474,5/4/2025,1061,2070,403,2.0,27.34,75%,Debit
475,5/4/2025,1097,2059,403,2.0,0,20%,Credit
476,5/4/2025,1066,2046,404,3.0,200.58,10%,Debit
477,5/4/2025,1025,2092,404,2.0,771.54,50%,Cash
478,5/4/2025,1052,2047,403,3.0,334.98,50%,Debit
479,5/4/2025,1011,2072,402,1.0,756.54,75%,Debit
480,5/4/2025,1004,2033,404,2.0,0,75%,Debit
481,5/4/2025,1039,2025,403,1.0,503.32,20%,Credit
482,5/4/2025,1097,2072,402,3.0,420.3,75%,Debit
483,5/4/2025,1140,2083,403,2.0,1843.58,25%,Debit
484,5/4/2025,1195,2062,404,3.0,3096.8,75%,Cash
485,5/4/2025,1043,2093,403,1.0,1360.69,15%,Debit
486,5/4/2025,1035,2092,404,1.0,0,15%,Cash
487,5/4/2025,1138,2082,401,0.0,533.2,20%,Credit
488,5/4/2025,1019,2085,401,0.0,484.3,20%,Credit
489,5/4/2025,1105,2017,402,0.0,1391.1,25%,Debit
490,5/4/2025,1181,2019,401,1.0,4202.68,10%,Debit
491,5/4/2025,1129,2058,403,0.0,1333.5,20%,Credit
492,5/4/2025,1158,2081,404,3.0,2984.88,20%,Debit
493,5/4/2025,1004,2000,404,0.0,2907.93,15%,Credit
494,5/4/2025,1004,2067,403,2.0,465.52,75%,Credit
495,5/4/2025,1004,2064,404,1.0,1323.18,75%,Cash
496,5/4/2025,1027,2012,402,1.0,1121.74,10%,Debit
497,5/4/2025,1049,2079,403,2.0,3802.16,20%,Cash
498,5/4/2025,1068,2050,401,2.0,0,50%,Debit
499,5/4/2025,1103,2058,402,1.0,600.08,75%,Cash
500,5/4/2025,1076,2087,401,0.0,159.32,15%,Debit
501,5/4/2025,1023,2051,404,3.0,351.96,50%,Debit
502,5/4/2025,1141,2060,401,0.0,408.38,25%,Credit
503,5/4/2025,1179,2021,401,3.0,835.41,10%,Cash
504,5/4/2025,1111,2082,403,0.0,0,20%,Debit
505,5/4/2025,1135,2005,402,1.0,1157.71,15%,Cash
506,5/4/2025,1177,2072,404,2.0,1008.72,75%,Debit
507,5/4/2025,1011,2009,403,0.0,0,10%,Cash
508,5/4/2025,1045,2040,401,1.0,31.09,75%,Debit
509,5/4/2025,1150,2018,404,0.0,1084.52,75%,Debit
510,5/4/2025,1076,2020,402,3.0,2254.98,10%,Credit
511,5/4/2025,1173,2069,403,3.0,232.39,15%,Credit
512,5/4/2025,1193,2094,402,0.0,1480.05,10%,Debit
513,5/4/2025,1128,2095,403,0.0,0,75%,Debit
514,5/4/2025,1025,2055,402,0.0,107.88,15%,Debit
515,5/4/2025,1087,2077,404,2.0,449.46,15%,Debit
516,5/4/2025,1007,2081,403,3.0,746.22,20%,Debit
517,5/4/2025,1125,2029,403,3.0,40.53,10%,Debit
518,5/4/2025,1110,2023,404,0.0,1879.08,10%,Debit
519,5/4/2025,1197,2079,403,1.0,855.49,10%,Debit
520,5/4/2025,1182,2009,401,2.0,53.05,20%,Credit
521,5/4/2025,1039,2048,402,3.0,357.63,10%,Credit
522,5/4/2025,1081,2046,401,0.0,33.43,15%,Debit
523,5/4/2025,1001,2039,404,2.0,2343.46,15%,Debit
524,5/4/2025,1194,2034,401,1.0,245.11,20%,Cash
525,5/4/2025,1022,2023,404,3.0,5637.24,10%,Cash
526,5/4/2025,1142,2071,404,0.0,615.16,50%,Cash
527,5/4/2025,1006,2011,403,0.0,1229.22,50%,Credit
528,5/4/2025,1152,2076,403,3.0,2418.21,75%,Credit
529,5/4/2025,1003,2037,404,3.0,1440.56,75%,Debit
530,5/4/2025,1199,2010,402,1.0,210.17,15%,Debit
531,5/4/2025,1175,2048,402,1.0,965.6,20%,Debit
532,5/4/2025,1068,2038,403,3.0,0,75%,Credit
533,5/4/2025,1037,2008,402,3.0,266.36,75%,Credit
534,5/4/2025,1070,2053,403,3.0,1830.45,20%,Cash
535,5/4/2025,1005,2009,403,2.0,53.05,75%,Debit
536,5/4/2025,1063,2092,404,1.0,867.98,10%,Cash
537,5/4/2025,1117,2013,402,2.0,2244.86,25%,Debit
538,5/4/2025,1001,2050,403,3.0,0,10%,Credit
539,5/4/2025,1084,2056,403,3.0,1574.16,25%,Debit
540,5/4/2025,1166,2076,402,2.0,0,20%,Credit
541,5/4/2025,1082,2077,402,3.0,0,20%,Cash
542,5/4/2025,1080,2022,404,2.0,1073.89,20%,Credit
543,5/4/2025,1074,2094,404,1.0,444.02,75%,Debit
544,5/4/2025,1083,2048,403,3.0,0,15%,Debit
545,5/4/2025,1093,2014,402,1.0,221.67,75%,Debit
546,5/4/2025,1174,2098,401,3.0,2723.58,75%,Debit
547,5/4/2025,1181,2026,404,2.0,507.74,75%,Credit
548,5/4/2025,1177,2008,404,3.0,332.95,20%,Credit
549,5/4/2025,1035,2081,403,1.0,1343.2,25%,Cash
550,5/4/2025,1064,2084,402,3.0,845.55,10%,Credit
551,5/4/2025,1096,2009,404,3.0,198.93,75%,Debit
552,5/4/2025,1149,2051,404,0.0,0,50%,Debit
553,5/4/2025,1092,2089,401,0.0,827.04,15%,Debit
554,5/4/2025,1196,2031,403,1.0,1526.31,75%,Debit
555,5/4/2025,1165,2078,401,3.0,142.01,20%,Debit
556,5/4/2025,1192,2042,404,0.0,1005.66,20%,Credit
557,5/4/2025,1002,2012,403,1.0,560.87,15%,Debit
558,5/4/2025,1130,2095,402,3.0,1963.16,75%,Debit
559,5/4/2025,1095,2050,404,1.0,168.1,10%,Debit
560,5/4/2025,1088,2003,404,0.0,385.18,75%,Debit
561,5/4/2025,1075,2053,401,0.0,1830.45,10%,Debit
562,5/4/2025,1186,2018,403,2.0,1301.42,20%,Cash
563,5/4/2025,1087,2058,402,3.0,2667,10%,Credit
564,5/4/2025,1089,2060,401,3.0,408.38,15%,Debit
565,5/4/2025,1184,2089,404,2.0,1984.9,15%,Credit
566,5/4/2025,1017,2038,401,0.0,0,15%,Debit
567,5/4/2025,1005,2043,401,1.0,786.1,10%,Debit
568,5/4/2025,1189,2031,402,1.0,2035.08,20%,Cash
569,5/4/2025,1084,2071,404,3.0,0,75%,Cash
570,5/4/2025,1059,2051,402,1.0,527.94,75%,Credit
571,5/4/2025,1163,2084,404,3.0,845.55,20%,Credit
572,5/4/2025,1007,2094,402,3.0,493.35,20%,Credit
573,5/4/2025,1151,2054,404,0.0,0,10%,Debit
574,5/4/2025,1180,2027,402,2.0,0,10%,Cash
575,5/4/2025,1192,2090,401,0.0,286.56,10%,Debit
576,5/4/2025,1137,2023,403,2.0,1503.26,20%,Credit
577,5/4/2025,1050,2058,401,2.0,1066.8,20%,Credit
578,5/4/2025,1171,2062,403,3.0,619.36,20%,Cash
579,5/4/2025,1156,2050,401,2.0,0,75%,Credit
580,5/4/2025,1090,2058,402,2.0,1066.8,10%,Debit
581,5/4/2025,1157,2075,401,1.0,702.58,10%,Cash
582,5/4/2025,1080,2015,402,2.0,1619.93,50%,Credit
583,5/4/2025,1029,2023,403,1.0,0,10%,Debit
584,5/4/2025,1130,2049,404,1.0,845.86,15%,Credit
585,5/4/2025,1147,2049,404,1.0,845.86,10%,Cash
586,5/4/2025,1124,2081,402,1.0,2686.39,75%,Cash
587,5/4/2025,1125,2036,402,1.0,588.55,20%,Credit
588,5/4/2025,1080,2057,401,2.0,699.17,25%,Credit
589,5/4/2025,1002,2062,402,1.0,1114.85,75%,Credit
590,5/4/2025,1098,2071,404,3.0,1845.48,10%,Debit
591,5/4/2025,1175,2062,404,3.0,1858.08,75%,Debit
592,5/4/2025,1125,2021,401,0.0,1670.82,20%,Credit
593,5/4/2025,1194,2028,403,0.0,637.94,20%,Cash
594,5/4/2025,1070,2028,403,1.0,0,15%,Credit
595,5/4/2025,1199,2058,404,0.0,2667,50%,Debit
596,5/4/2025,1146,2014,403,2.0,0,20%,Cash
597,5/4/2025,1138,2096,401,3.0,2688.72,20%,Debit
598,5/4/2025,1139,2027,404,0.0,258.61,75%,Debit
599,5/4/2025,1188,2083,402,2.0,1229.06,75%,Debit
600,5/4/2025,1008,2057,403,2.0,699.17,50%,Debit
601,5/4/2025,1022,2056,401,1.0,2361.24,20%,Debit
602,5/4/2025,1053,2094,403,3.0,493.35,15%,Debit
603,5/4/2025,1042,2078,402,1.0,127.81,20%,Debit
604,5/4/2025,1052,2007,403,2.0,2333.56,15%,Credit
605,5/4/2025,1152,2068,402,2.0,656.19,10%,Debit
606,5/4/2025,1180,2037,403,2.0,288.11,75%,Debit
607,5/4/2025,1131,2086,401,1.0,2414.07,15%,Debit
608,5/4/2025,1192,2052,401,2.0,0,20%,Cash
609,5/4/2025,1167,2016,402,1.0,290.72,50%,Cash
610,5/4/2025,1037,2091,403,1.0,0,20%,Credit
611,5/4/2025,1194,2086,404,3.0,0,20%,Debit
612,5/4/2025,1036,2073,403,3.0,1997.72,20%,Credit
613,5/4/2025,1096,2057,401,0.0,1310.94,10%,Credit
614,5/4/2025,1103,2065,403,2.0,376.27,20%,Credit
615,5/4/2025,1116,2062,403,0.0,1238.72,75%,Debit
616,5/4/2025,1198,2093,401,3.0,0,15%,Debit
617,5/4/2025,1162,2085,403,0.0,0,15%,Debit
618,5/4/2025,1136,2050,402,3.0,933.9,20%,Cash
619,5/4/2025,1054,2063,403,2.0,441.97,50%,Credit
620,5/4/2025,1072,2043,402,3.0,4367.25,20%,Cash
621,5/4/2025,1087,2087,401,0.0,637.28,75%,Credit
622,5/4/2025,1025,2080,404,0.0,3329.04,10%,Debit
623,5/4/2025,1031,2020,404,3.0,1127.49,25%,Debit
624,5/4/2025,1000,2054,402,1.0,1620.92,15%,Credit
625,5/4/2025,1166,2038,402,2.0,2223.62,10%,Credit
626,5/4/2025,1023,2083,403,2.0,1229.06,15%,Credit
627,5/4/2025,1021,2047,402,0.0,1674.9,10%,Debit
628,5/4/2025,1101,2080,403,1.0,3745.17,15%,Cash
629,5/4/2025,1109,2083,401,0.0,768.16,20%,Debit
630,5/4/2025,1000,2027,404,0.0,517.22,10%,Cash
631,5/4/2025,1033,2075,402,3.0,780.64,20%,Cash
632,5/4/2025,1002,2001,403,0.0,824.7,20%,Debit
633,5/4/2025,1108,2088,402,3.0,3546.75,10%,Debit
634,5/4/2025,1018,2029,404,0.0,27.02,50%,Debit
635,5/4/2025,1187,2013,401,2.0,2993.15,25%,Cash
636,5/4/2025,1094,2038,402,3.0,926.51,20%,Credit
637,5/4/2025,1198,2096,402,1.0,1814.89,25%,Debit
638,5/4/2025,1017,2067,401,1.0,523.71,15%,Cash
639,5/4/2025,1112,2044,402,1.0,560.47,75%,Debit
640,5/4/2025,1105,2078,404,1.0,383.43,10%,Credit
641,5/4/2025,1022,2012,402,0.0,623.19,75%,Credit
642,5/4/2025,1150,2093,404,2.0,1814.26,75%,Debit
643,5/4/2025,1109,2040,402,1.0,31.09,50%,Debit
644,5/4/2025,1070,2082,401,1.0,719.82,10%,Debit
645,5/4/2025,1141,2076,403,0.0,3224.28,10%,Debit
646,5/4/2025,1168,2038,402,1.0,1667.72,15%,Cash
647,5/4/2025,1191,2050,403,0.0,560.34,20%,Debit
648,5/4/2025,1005,2030,404,3.0,679.88,15%,Cash
649,5/4/2025,1028,2030,404,0.0,509.91,15%,Cash
650,5/4/2025,1135,2001,403,2.0,989.64,15%,Credit
651,5/4/2025,1033,2049,404,2.0,751.87,25%,Credit
652,5/4/2025,1139,2087,402,3.0,0,15%,Debit
653,5/4/2025,1197,2009,401,0.0,265.24,15%,Debit
654,5/4/2025,1003,2033,402,0.0,836.25,20%,Debit
655,5/4/2025,1015,2050,403,3.0,560.34,10%,Debit
656,5/4/2025,1108,2089,404,0.0,413.52,15%,Debit
657,5/4/2025,1163,2068,402,2.0,3280.96,10%,Cash
658,5/4/2025,1021,2039,401,1.0,878.8,25%,Debit
659,5/4/2025,1039,2068,403,3.0,2460.72,10%,Credit
660,5/4/2025,1150,2081,401,2.0,1193.95,20%,Debit
661,5/4/2025,1178,2055,402,0.0,53.94,15%,Debit
662,5/4/2025,1062,2011,404,0.0,0,15%,Cash
663,5/4/2025,1116,2078,401,2.0,0,15%,Debit
664,5/4/2025,1170,2094,402,0.0,986.7,15%,Debit
665,5/4/2025,1003,2090,402,0.0,143.28,10%,Credit
666,5/4/2025,1041,2063,403,2.0,1325.9,15%,Debit
667,5/4/2025,1042,2047,402,2.0,803.95,15%,Credit
668,5/4/2025,1187,2015,401,2.0,0,25%,Cash
669,5/4/2025,1109,2034,401,2.0,326.81,20%,Debit
670,5/4/2025,1182,2073,401,3.0,499.43,75%,Debit
671,5/4/2025,1116,2065,403,0.0,470.34,75%,Cash
672,5/4/2025,1127,2072,402,2.0,1008.72,10%,Credit
673,5/4/2025,1040,2032,401,0.0,0,75%,Credit
674,5/4/2025,1058,2094,401,0.0,493.35,10%,Debit
675,5/4/2025,1003,2031,401,3.0,1695.9,20%,Debit
676,5/4/2025,1093,2049,402,1.0,1691.71,75%,Cash
677,5/4/2025,1009,2070,404,1.0,30.76,10%,Debit
678,5/4/2025,1082,2031,404,2.0,452.24,10%,Credit
679,5/4/2025,1069,2009,403,0.0,0,75%,Cash
680,5/4/2025,1128,2086,401,1.0,804.69,10%,Cash
681,5/4/2025,1057,2066,401,3.0,1548.18,15%,Cash
682,5/4/2025,1017,2059,403,2.0,409.64,10%,Debit
683,5/4/2025,1083,2011,404,0.0,1638.96,10%,Debit
684,5/4/2025,1094,2025,403,2.0,223.7,10%,Debit
685,5/4/2025,1189,2079,402,3.0,3802.16,75%,Cash
686,5/4/2025,1094,2075,404,1.0,702.58,25%,Debit
687,5/4/2025,1187,2069,402,1.0,627.45,50%,Credit
688,5/4/2025,1001,2052,401,1.0,0,10%,Debit
689,5/4/2025,1138,2044,401,2.0,166.06,20%,Credit
690,5/4/2025,1000,2097,404,2.0,1347.36,15%,Credit
691,5/4/2025,1026,2026,402,3.0,211.56,15%,Debit
692,5/4/2025,1125,2007,402,2.0,933.42,20%,Cash
693,5/4/2025,1023,2005,402,3.0,1286.34,50%,Credit
694,5/4/2025,1179,2047,404,0.0,669.96,10%,Debit
695,5/4/2025,1148,2012,402,3.0,3115.95,20%,Cash
696,5/4/2025,1019,2075,401,3.0,2341.92,15%,Credit
697,5/4/2025,1169,2016,402,2.0,775.25,20%,Debit
698,5/4/2025,1066,2040,404,2.0,55.26,15%,Cash
699,5/4/2025,1081,2057,403,1.0,393.28,15%,Debit
700,5/4/2025,1019,2025,402,0.0,559.24,20%,Debit
701,5/4/2025,1039,2013,402,3.0,4676.8,20%,Debit
702,5/4/2025,1119,2040,404,0.0,69.08,15%,Credit
703,5/4/2025,1137,2045,402,3.0,0,50%,Credit
704,5/4/2025,1078,2059,403,0.0,1536.15,10%,Cash
705,5/4/2025,1023,2020,403,0.0,0,10%,Cash
706,5/4/2025,1055,2041,402,0.0,4021.05,10%,Debit
707,5/4/2025,1182,2031,403,3.0,1695.9,10%,Debit
708,5/4/2025,1131,2006,403,2.0,475.2,20%,Cash
709,5/4/2025,1044,2003,404,3.0,1155.54,50%,Debit
710,5/4/2025,1142,2095,402,0.0,2453.95,10%,Debit
711,5/4/2025,1118,2013,402,0.0,1870.72,25%,Credit
712,5/4/2025,1003,2007,402,1.0,1050.1,75%,Debit
713,5/4/2025,1050,2051,403,0.0,117.32,10%,Credit
714,5/4/2025,1149,2075,403,0.0,780.64,75%,Credit
715,5/4/2025,1005,2008,402,3.0,466.13,20%,Cash
716,5/4/2025,1032,2011,403,0.0,409.74,20%,Debit
717,5/4/2025,1010,2059,401,1.0,921.69,15%,Debit
718,5/4/2025,1146,2055,404,3.0,0,25%,Debit
719,5/4/2025,1007,2048,404,1.0,1287.47,15%,Debit
720,5/4/2025,1090,2027,402,2.0,413.78,20%,Debit
721,5/4/2025,1071,2057,402,0.0,1310.94,10%,Debit
722,5/4/2025,1157,2079,402,2.0,2281.3,10%,Debit
723,5/4/2025,1127,2052,404,0.0,2193.78,20%,Debit
724,5/4/2025,1022,2035,404,1.0,1619.98,15%,Debit
725,5/4/2025,1107,2025,402,0.0,279.62,10%,Cash
726,5/4/2025,1097,2091,403,3.0,2717.37,50%,Debit
727,5/4/2025,1139,2062,403,2.0,1486.46,15%,Debit
728,5/4/2025,1099,2034,402,0.0,408.51,15%,Credit
729,5/4/2025,1081,2076,402,0.0,2418.21,20%,Credit
730,5/4/2025,1199,2035,401,3.0,2699.97,75%,Credit
731,5/4/2025,1135,2045,402,1.0,842.78,75%,Credit
732,5/4/2025,1025,2031,402,2.0,904.48,20%,Debit
733,5/4/2025,1136,2094,401,1.0,0,20%,Debit
734,5/4/2025,1147,2049,403,1.0,3383.42,25%,Cash
735,5/4/2025,1045,2030,403,2.0,407.93,20%,Debit
736,5/4/2025,1151,2003,403,1.0,693.32,10%,Credit
737,5/4/2025,1144,2024,404,2.0,298.25,20%,Debit
738,5/4/2025,1044,2062,401,0.0,1238.72,10%,Debit
739,5/4/2025,1014,2029,402,0.0,13.51,20%,Debit
740,5/4/2025,1134,2061,401,2.0,639.74,20%,Credit
741,5/4/2025,1157,2025,402,2.0,671.09,25%,Debit
742,5/4/2025,1183,2022,403,0.0,2684.72,20%,Debit
743,5/4/2025,1005,2018,402,0.0,542.26,50%,Debit
744,5/4/2025,1134,2046,401,2.0,53.49,75%,Cash
745,5/4/2025,1180,2084,404,0.0,281.85,20%,Cash
746,5/4/2025,1086,2038,403,1.0,1667.72,10%,Debit
747,5/4/2025,1040,2093,404,3.0,755.94,75%,Debit
748,5/4/2025,1166,2040,402,2.0,27.63,20%,Credit
749,5/4/2025,1057,2085,402,3.0,1452.9,15%,Debit
750,5/4/2025,1078,2093,403,1.0,0,20%,Credit
751,5/4/2025,1045,2093,401,3.0,2267.82,20%,Credit
752,5/4/2025,1197,2072,401,1.0,1513.08,75%,Debit
753,5/4/2025,1154,2040,402,0.0,69.08,20%,Debit
754,5/4/2025,1127,2018,403,0.0,0,75%,Debit
755,5/4/2025,1060,2044,403,1.0,934.11,75%,Credit
756,5/4/2025,1162,2011,403,3.0,1229.22,20%,Cash
757,5/4/2025,1002,2033,402,1.0,3010.5,10%,Debit
758,5/4/2025,1177,2008,403,2.0,159.82,20%,Credit
759,5/4/2025,1027,2092,401,0.0,482.21,15%,Debit
760,5/4/2025,1098,2056,404,1.0,944.5,15%,Cash
761,5/4/2025,1105,2063,404,2.0,2209.84,50%,Debit
762,5/4/2025,1139,2048,401,3.0,357.63,20%,Credit
763,5/4/2025,1147,2083,402,1.0,691.34,15%,Credit
764,5/4/2025,1115,2009,401,2.0,53.05,15%,Debit
765,5/4/2025,1005,2040,403,0.0,103.62,10%,Debit
766,5/4/2025,1018,2043,402,3.0,2620.35,10%,Debit
767,5/4/2025,1041,2093,401,0.0,755.94,10%,Debit
768,5/4/2025,1086,2076,404,0.0,0,15%,Credit
769,5/4/2025,1110,2083,402,3.0,768.16,25%,Debit
770,5/4/2025,1040,2006,401,2.0,0,50%,Credit
771,5/4/2025,1052,2024,404,2.0,298.25,10%,Cash
772,5/4/2025,1169,2036,403,1.0,392.36,15%,Debit
773,5/4/2025,1024,2006,404,3.0,0,20%,Credit
774,5/4/2025,1039,2006,403,0.0,198,50%,Cash
775,5/4/2025,1109,2011,403,3.0,1638.96,20%,Cash
776,5/4/2025,1051,2012,401,1.0,1121.74,75%,Debit
777,5/4/2025,1043,2081,403,0.0,746.22,25%,Debit
778,5/4/2025,1121,2014,403,3.0,985.2,10%,Credit
779,5/4/2025,1120,2062,403,0.0,2477.44,10%,Debit
780,5/4/2025,1164,2069,404,1.0,0,15%,Cash
781,5/4/2025,1094,2048,403,1.0,321.87,25%,Credit
782,5/4/2025,1114,2005,403,3.0,428.78,20%,Cash
783,5/4/2025,1119,2033,402,2.0,1338,20%,Cash
784,5/4/2025,1144,2007,402,0.0,1166.78,50%,Debit
785,5/4/2025,1021,2085,403,3.0,0,50%,Debit
786,5/4/2025,1193,2075,402,0.0,1561.28,25%,Credit
787,5/4/2025,1099,2066,404,3.0,0,20%,Cash
788,5/4/2025,1146,2030,404,2.0,543.9,75%,Credit
789,5/4/2025,1020,2050,401,1.0,168.1,10%,Cash
790,5/4/2025,1030,2096,404,1.0,3024.81,15%,Cash
791,5/4/2025,1042,2027,402,1.0,232.75,25%,Debit
792,5/4/2025,1010,2054,401,3.0,900.51,20%,Credit
793,5/4/2025,1051,2080,402,2.0,0,15%,Credit
794,5/4/2025,1081,2093,401,0.0,755.94,20%,Debit
795,5/4/2025,1099,2071,404,2.0,984.26,25%,Credit
796,5/4/2025,1070,2066,404,0.0,0,50%,Cash
797,5/4/2025,1179,2079,404,0.0,2851.62,15%,Debit
798,5/4/2025,1106,2019,402,0.0,3735.72,25%,Debit
799,5/4/2025,1027,2072,401,2.0,672.48,20%,Debit
800,5/4/2025,1137,2044,404,2.0,830.32,75%,Cash
801,5/4/2025,1098,2083,404,3.0,2304.48,75%,Debit
802,5/4/2025,1009,2022,403,3.0,2684.72,10%,Debit
803,5/4/2025,1036,2079,404,0.0,950.54,75%,Debit
804,5/4/2025,1101,2042,402,0.0,335.22,75%,Debit
805,5/4/2025,1190,2060,403,2.0,0,20%,Cash
806,5/4/2025,1005,2043,403,2.0,2096.28,10%,Credit
807,5/4/2025,1071,2062,401,1.0,557.42,20%,Credit
808,5/4/2025,1034,2038,404,2.0,2223.62,15%,Credit
809,5/4/2025,1068,2093,404,0.0,2267.82,75%,Credit
810,5/4/2025,1048,2056,402,3.0,524.72,20%,Debit
811,5/4/2025,1189,2062,403,0.0,1858.08,10%,Credit
812,5/4/2025,1131,2020,401,2.0,0,50%,Credit
813,5/4/2025,1181,2064,404,1.0,264.64,20%,Debit
814,5/4/2025,1199,2067,401,1.0,0,15%,Debit
815,5/4/2025,1049,2025,401,1.0,503.32,20%,Debit
816,5/4/2025,1008,2058,401,2.0,533.4,20%,Cash
817,5/4/2025,1180,2025,403,2.0,894.78,20%,Debit
818,5/4/2025,1118,2064,404,0.0,882.12,25%,Credit
819,5/4/2025,1174,2003,402,2.0,308.14,15%,Debit
820,5/4/2025,1125,2076,404,1.0,725.46,75%,Credit
821,5/4/2025,1121,2075,403,2.0,2498.05,10%,Debit
822,5/4/2025,1041,2033,401,2.0,669,10%,Debit
823,5/4/2025,1007,2049,401,1.0,845.86,20%,Credit
824,5/4/2025,1146,2099,402,1.0,581.69,25%,Cash
825,5/4/2025,1165,2028,402,2.0,1531.06,10%,Cash
826,5/4/2025,1166,2052,401,0.0,731.26,10%,Credit
827,5/4/2025,1121,2016,402,0.0,646.04,10%,Debit
828,5/4/2025,1057,2032,403,2.0,3782.4,15%,Cash
829,5/4/2025,1108,2048,403,3.0,357.63,10%,Debit
830,5/4/2025,1064,2027,404,2.0,413.78,75%,Credit
831,5/4/2025,1173,2066,404,0.0,2580.3,15%,Debit
832,5/4/2025,1001,2065,403,2.0,376.27,15%,Debit
833,5/4/2025,1076,2087,401,3.0,796.6,75%,Debit
834,5/4/2025,1016,2043,403,2.0,2795.04,50%,Debit
835,5/4/2025,1070,2033,403,1.0,752.62,15%,Cash
836,5/4/2025,1038,2066,402,0.0,1032.12,15%,Debit
837,5/4/2025,1153,2051,403,1.0,316.76,10%,Credit
838,5/4/2025,1184,2003,404,2.0,1848.86,10%,Debit
839,5/4/2025,1066,2053,404,3.0,0,20%,Cash
840,5/4/2025,1188,2004,402,2.0,2967.2,20%,Credit
841,5/4/2025,1185,2091,402,3.0,3623.16,10%,Credit
842,5/4/2025,1171,2045,403,1.0,280.93,20%,Debit
843,5/4/2025,1168,2071,402,2.0,1968.51,75%,Debit
844,5/4/2025,1024,2060,402,2.0,326.7,15%,Debit
845,5/4/2025,1185,2071,402,2.0,984.26,75%,Debit
846,5/4/2025,1167,2011,402,2.0,327.79,10%,Debit
847,5/4/2025,1057,2095,403,3.0,2453.95,10%,Debit
848,5/4/2025,1084,2047,403,2.0,803.95,15%,Debit
849,5/4/2025,1118,2015,404,0.0,4049.82,10%,Debit
850,5/4/2025,1162,2074,401,3.0,659.5,75%,Cash
851,5/4/2025,1049,2064,401,3.0,882.12,25%,Cash
852,5/4/2025,1135,2038,404,0.0,926.51,75%,Credit
853,5/4/2025,1038,2017,402,2.0,741.92,20%,Credit
854,5/4/2025,1104,2072,404,1.0,1134.81,75%,Debit
855,5/4/2025,1080,2091,402,0.0,2717.37,15%,Cash
856,5/4/2025,1124,2042,402,2.0,0,10%,Debit
857,5/4/2025,1162,2007,401,3.0,583.39,10%,Cash
858,5/4/2025,1070,2026,402,1.0,190.4,20%,Credit
859,5/4/2025,1125,2097,401,1.0,3031.56,10%,Debit
860,5/4/2025,1157,2055,404,3.0,53.94,20%,Debit
861,5/4/2025,1109,2061,404,0.0,799.68,75%,Cash
862,5/4/2025,1009,2068,402,2.0,0,25%,Credit
863,5/4/2025,1003,2041,402,0.0,2412.63,75%,Debit
864,5/4/2025,1173,2000,402,1.0,872.38,75%,Cash
865,5/4/2025,1177,2044,403,1.0,373.64,75%,Cash
866,5/4/2025,1026,2049,403,1.0,3383.42,50%,Credit
867,5/4/2025,1016,2005,403,2.0,686.05,10%,Credit
868,5/4/2025,1116,2093,403,3.0,755.94,25%,Cash
869,5/4/2025,1175,2017,403,3.0,463.7,50%,Debit
870,5/4/2025,1091,2096,402,1.0,1209.92,10%,Debit
871,5/4/2025,1103,2002,402,1.0,779.4,20%,Credit
872,5/4/2025,1186,2016,402,0.0,646.04,15%,Debit
873,5/4/2025,1150,2064,402,0.0,294.04,10%,Debit
874,5/4/2025,1093,2091,401,3.0,2717.37,75%,Debit
875,5/4/2025,1163,2032,401,0.0,0,10%,Debit
876,5/4/2025,1169,2013,401,0.0,935.36,10%,Debit
877,5/4/2025,1176,2014,404,3.0,1231.5,10%,Debit
878,5/4/2025,1097,2015,403,3.0,2699.88,10%,Debit
879,5/4/2025,1179,2019,402,0.0,1867.86,15%,Debit
880,5/4/2025,1077,2053,401,2.0,976.24,25%,Cash
881,5/4/2025,1159,2077,402,3.0,561.83,50%,Debit
882,5/4/2025,1026,2065,401,2.0,1881.36,10%,Credit
883,5/4/2025,1029,2013,404,1.0,0,20%,Credit
884,5/4/2025,1155,2025,403,1.0,503.32,10%,Debit
885,5/4/2025,1091,2090,404,2.0,171.94,15%,Credit
886,5/4/2025,1041,2005,404,1.0,385.9,75%,Debit
887,5/4/2025,1176,2061,403,1.0,359.86,15%,Debit
888,5/4/2025,1000,2001,401,0.0,1649.4,75%,Credit
889,5/4/2025,1146,2085,404,1.0,653.81,20%,Debit
890,5/4/2025,1023,2099,401,0.0,1292.64,20%,Debit
891,5/4/2025,1065,2082,402,3.0,266.6,15%,Debit
892,5/4/2025,1075,2033,404,0.0,2508.75,25%,Debit
893,5/4/2025,1025,2022,401,2.0,1073.89,15%,Debit
894,5/4/2025,1092,2086,403,3.0,894.1,20%,Debit
895,5/4/2025,1189,2014,401,0.0,0,20%,Debit
896,5/4/2025,1002,2017,402,2.0,0,10%,Credit
897,5/4/2025,1091,2056,403,0.0,1049.44,10%,Debit
898,5/4/2025,1095,2043,402,0.0,0,25%,Credit
899,5/4/2025,1102,2051,404,2.0,93.86,75%,Debit
900,5/4/2025,1098,2088,404,3.0,0,20%,Debit
901,5/4/2025,1166,2021,401,1.0,0,15%,Cash
902,5/4/2025,1178,2092,401,1.0,867.98,20%,Debit
903,5/4/2025,1026,2053,404,3.0,1830.45,75%,Debit
904,5/4/2025,1046,2078,404,2.0,454.43,15%,Debit
905,5/4/2025,1156,2003,402,3.0,1925.9,25%,Credit
906,5/4/2025,1124,2014,404,3.0,0,50%,Cash
907,5/4/2025,1011,2008,403,2.0,106.54,10%,Debit
908,5/4/2025,1003,2090,402,2.0,57.31,75%,Credit
909,5/4/2025,1132,2066,401,3.0,1548.18,50%,Credit
910,5/4/2025,1169,2093,402,3.0,755.94,75%,Credit
911,5/4/2025,1088,2084,404,1.0,0,10%,Debit
912,5/4/2025,1142,2078,401,0.0,568.04,15%,Cash
913,5/4/2025,1164,2020,404,3.0,1879.15,75%,Credit
914,5/4/2025,1042,2009,404,2.0,53.05,25%,Debit
915,5/4/2025,1061,2042,403,0.0,167.61,75%,Cash
916,5/4/2025,1129,2028,404,3.0,2551.76,75%,Debit
917,5/4/2025,1060,2010,404,3.0,544.88,75%,Debit
918,5/4/2025,1146,2057,401,3.0,436.98,15%,Debit
919,5/4/2025,1114,2040,401,3.0,34.54,50%,Cash
920,5/4/2025,1190,2083,401,0.0,2304.48,75%,Credit
921,5/4/2025,1103,2052,401,0.0,2193.78,50%,Credit
922,5/4/2025,1023,2077,403,1.0,505.65,10%,Debit
923,5/4/2025,1167,2085,404,2.0,387.44,50%,Debit
924,5/4/2025,1093,2006,402,3.0,594,20%,Debit
925,5/4/2025,1084,2071,404,2.0,492.13,75%,Debit
926,5/4/2025,1183,2057,401,0.0,873.96,20%,Cash
927,5/4/2025,1194,2084,402,0.0,563.7,15%,Debit
928,5/4/2025,1087,2045,403,2.0,499.42,75%,Credit
929,5/4/2025,1179,2013,401,1.0,1683.65,15%,Credit
930,5/4/2025,1126,2017,404,0.0,927.4,50%,Debit
931,5/4/2025,1065,2078,402,1.0,127.81,15%,Credit
932,5/4/2025,1030,2050,402,3.0,186.78,75%,Debit
933,5/4/2025,1005,2024,403,0.0,621.35,15%,Debit
934,5/4/2025,1193,2053,401,0.0,1830.45,15%,Cash
935,5/4/2025,1197,2057,404,1.0,1179.85,20%,Debit
936,5/4/2025,1127,2000,401,3.0,969.31,10%,Debit
937,5/4/2025,1149,2061,402,1.0,359.86,25%,Debit
938,5/4/2025,1187,2016,401,3.0,2584.16,20%,Credit
939,5/4/2025,1168,2076,403,3.0,2418.21,75%,Debit
940,5/4/2025,1107,2077,402,2.0,898.93,15%,Cash
941,5/4/2025,1101,2043,403,3.0,3493.8,10%,Credit
942,5/4/2025,1034,2017,404,2.0,0,20%,Debit
943,5/4/2025,1179,2070,403,1.0,61.52,15%,Credit
944,5/4/2025,1051,2026,403,2.0,338.5,20%,Debit
945,5/4/2025,1172,2016,402,2.0,516.83,20%,Debit
946,5/4/2025,1181,2014,403,3.0,246.3,20%,Credit
947,5/4/2025,1149,2073,404,2.0,799.09,10%,Credit
948,5/4/2025,1108,2001,401,0.0,412.35,50%,Cash
949,5/4/2025,1097,2018,401,0.0,1084.52,15%,Debit
950,5/4/2025,1051,2034,402,2.0,217.87,10%,Debit
951,5/4/2025,1174,2032,402,0.0,4728,75%,Debit
952,5/4/2025,1176,2037,402,0.0,720.28,15%,Credit
953,5/4/2025,1091,2057,401,1.0,786.56,75%,Debit
954,5/4/2025,1190,2082,404,1.0,239.94,10%,Debit
955,5/4/2025,1130,2089,403,0.0,413.52,50%,Debit
956,5/4/2025,1097,2049,404,2.0,0,75%,Debit
957,5/4/2025,1141,2006,401,2.0,0,75%,Debit
958,5/4/2025,1051,2079,404,1.0,1710.97,50%,Debit
959,5/4/2025,1162,2090,403,1.0,257.9,20%,Cash
960,5/4/2025,1198,2092,402,2.0,771.54,10%,Credit
961,5/4/2025,1114,2022,401,1.0,3020.31,10%,Credit
962,5/4/2025,1044,2094,401,3.0,493.35,75%,Credit
963,5/4/2025,1010,2054,403,2.0,720.41,20%,Cash
964,5/4/2025,1033,2020,403,0.0,751.66,20%,Cash
965,5/4/2025,1084,2059,402,0.0,0,10%,Credit
966,5/4/2025,1039,2041,401,2.0,0,75%,Debit
967,5/4/2025,1125,2073,403,0.0,1997.72,75%,Debit
968,5/4/2025,1005,2090,403,1.0,193.43,20%,Debit
969,5/4/2025,1047,2066,401,1.0,464.45,10%,Credit
970,5/4/2025,1106,2069,404,0.0,464.78,20%,Cash
971,5/4/2025,1089,2028,402,2.0,0,10%,Credit
972,5/4/2025,1084,2046,403,1.0,0,20%,Debit
973,5/4/2025,1192,2079,404,0.0,950.54,50%,Credit
974,5/4/2025,1029,2085,403,3.0,726.45,10%,Debit
975,5/4/2025,1061,2082,402,0.0,533.2,20%,Debit
976,5/4/2025,1174,2041,404,0.0,804.21,10%,Debit
977,5/4/2025,1098,2032,403,0.0,0,75%,Credit
978,5/4/2025,1132,2098,403,3.0,3631.44,20%,Credit
979,5/4/2025,1124,2005,403,1.0,1157.71,10%,Credit
980,5/4/2025,1082,2065,401,0.0,1411.02,20%,Credit
981,5/4/2025,1042,2098,401,0.0,4539.3,25%,Credit
982,5/4/2025,1053,2085,402,3.0,726.45,75%,Credit
983,5/4/2025,1026,2026,404,0.0,423.12,50%,Debit
984,5/4/2025,1191,2087,402,0.0,477.96,10%,Credit
985,5/4/2025,1117,2091,403,0.0,1811.58,75%,Debit
986,5/4/2025,1022,2009,401,1.0,119.36,15%,Credit
987,5/4/2025,1064,2071,401,1.0,1107.29,20%,Credit
988,5/4/2025,1066,2052,404,3.0,5118.82,20%,Debit
989,5/4/2025,1161,2051,404,2.0,375.42,15%,Credit
990,5/4/2025,1004,2049,401,0.0,939.84,75%,Debit
991,5/4/2025,1164,2092,401,0.0,2893.26,10%,Debit
992,5/4/2025,1179,2009,403,0.0,66.31,15%,Debit
993,5/4/2025,1074,2087,403,0.0,477.96,20%,Credit
994,5/4/2025,1072,2097,404,3.0,842.1,20%,Cash
995,5/4/2025,1101,2084,401,3.0,1127.4,75%,Credit
996,5/4/2025,1040,2068,402,1.0,2952.86,10%,Credit
997,5/4/2025,1191,2050,403,1.0,504.31,20%,Debit
998,5/4/2025,1076,2086,403,0.0,2682.3,75%,Debit
999,5/4/2025,1141,2071,402,0.0,1230.32,25%,Credit
1000,5/4/2025,1010,2000,404,0.0,3877.24,25%,Debit
1001,5/4/2025,1078,2026,403,1.0,761.62,10%,Debit
1002,5/4/2025,1105,2082,402,1.0,239.94,50%,Debit
1003,5/4/2025,1047,2028,403,1.0,1148.29,20%,Debit
1004,5/4/2025,1029,2023,401,3.0,2818.62,10%,Credit
1005,5/4/2025,1165,2070,401,2.0,54.69,10%,Credit
1006,5/4/2025,1171,2008,403,0.0,133.18,15%,Cash
1007,5/4/2025,1050,2092,404,2.0,771.54,75%,Cash
1008,5/4/2025,1091,2016,402,0.0,1292.08,20%,Credit
1009,5/4/2025,1072,2079,401,1.0,855.49,75%,Debit
1010,5/4/2025,1081,2062,404,2.0,495.49,20%,Debit
1011,5/4/2025,1157,2084,403,1.0,253.67,20%,Debit
1012,5/4/2025,1144,2072,403,2.0,672.48,20%,Credit
1013,5/4/2025,1109,2021,401,2.0,668.33,10%,Debit
1014,5/4/2025,1063,2028,404,2.0,510.35,15%,Cash
1015,5/4/2025,1092,2017,403,3.0,1854.8,10%,Cash
1016,5/4/2025,1118,2057,403,2.0,699.17,20%,Debit
1017,5/4/2025,1124,2070,401,1.0,30.76,20%,Credit
1018,5/4/2025,1165,2077,401,2.0,449.46,15%,Cash
1019,5/4/2025,1035,2068,402,2.0,1968.58,75%,Debit
1020,5/4/2025,1187,2080,401,0.0,0,75%,Credit
1021,5/4/2025,1004,2064,401,3.0,882.12,20%,Debit
1022,5/4/2025,1196,2075,402,0.0,2341.92,10%,Credit
1023,5/4/2025,1141,2033,404,1.0,0,10%,Credit
1024,5/4/2025,1093,2050,402,2.0,448.27,25%,Debit
1025,5/4/2025,1034,2059,401,3.0,1536.15,75%,Debit
1026,5/4/2025,1093,2064,401,1.0,793.91,15%,Debit
1027,5/4/2025,1157,2087,402,1.0,286.78,20%,Credit
1028,5/4/2025,1114,2020,402,1.0,676.49,10%,Debit
1029,5/4/2025,1188,2093,404,2.0,1814.26,15%,Debit
1030,5/4/2025,1010,2028,404,1.0,1148.29,20%,Cash
1031,5/4/2025,1016,2033,403,1.0,2257.88,10%,Debit
1032,5/4/2025,1010,2085,402,2.0,387.44,20%,Credit
1033,5/4/2025,1099,2060,404,0.0,0,10%,Cash
1034,5/4/2025,1010,2083,403,0.0,768.16,20%,Cash
1035,5/4/2025,1180,2066,403,2.0,1238.54,25%,Cash
1036,5/4/2025,1148,2069,402,3.0,697.17,10%,Cash
1037,5/4/2025,1167,2048,403,0.0,1072.89,75%,Credit
1038,5/4/2025,1132,2032,404,1.0,851.04,10%,Debit
1039,5/4/2025,1132,2051,403,2.0,187.71,25%,Credit
1040,5/4/2025,1124,2061,401,1.0,0,75%,Debit
1041,5/4/2025,1112,2021,402,0.0,835.41,15%,Debit
1042,5/4/2025,1131,2082,403,1.0,239.94,75%,Debit
1043,5/4/2025,1038,2023,402,2.0,0,20%,Credit
1044,5/4/2025,1154,2091,401,1.0,3260.84,20%,Debit
1045,5/4/2025,1106,2042,401,3.0,1173.27,10%,Debit
1046,5/4/2025,1172,2061,404,1.0,719.71,75%,Debit
1047,5/4/2025,1151,2020,404,0.0,1127.49,20%,Debit
1048,5/4/2025,1062,2005,402,1.0,385.9,15%,Debit
1049,5/4/2025,1034,2080,401,1.0,2996.14,75%,Cash
1050,5/4/2025,1014,2021,403,1.0,1503.74,75%,Credit
1051,5/4/2025,1132,2051,401,2.0,281.57,15%,Credit
1052,5/4/2025,1021,2027,404,3.0,775.83,10%,Credit
1053,5/4/2025,1123,2021,402,3.0,0,20%,Debit
1054,5/4/2025,1153,2018,402,2.0,867.62,25%,Cash
1055,5/4/2025,1042,2092,403,3.0,1446.63,75%,Credit
1056,5/4/2025,1152,2075,401,1.0,2107.73,75%,Debit
1057,5/4/2025,1096,2049,402,0.0,939.84,50%,Debit
1058,5/4/2025,1004,2025,404,1.0,0,75%,Credit
1059,5/4/2025,1155,2012,402,3.0,623.19,15%,Cash
1060,5/4/2025,1157,2076,401,0.0,2418.21,15%,Debit
1061,5/4/2025,1023,2061,402,0.0,199.92,20%,Debit
1062,5/4/2025,1198,2086,404,3.0,894.1,10%,Credit
1063,5/4/2025,1094,2005,404,1.0,771.8,25%,Debit
1064,5/4/2025,1123,2098,404,2.0,3631.44,20%,Debit
1065,5/4/2025,1150,2094,401,3.0,2466.75,10%,Debit
1066,5/4/2025,1034,2032,404,1.0,1702.08,25%,Debit
1067,5/4/2025,1021,2036,404,2.0,348.77,20%,Credit
1068,5/4/2025,1048,2000,401,0.0,4846.55,15%,Credit
1069,5/4/2025,1133,2000,404,1.0,872.38,10%,Credit
1070,5/4/2025,1176,2040,404,2.0,55.26,15%,Credit
1071,5/4/2025,1027,2019,404,2.0,747.14,75%,Debit
1072,5/4/2025,1066,2068,404,2.0,1968.58,20%,Cash
1073,5/4/2025,1156,2035,404,1.0,0,25%,Debit
1074,5/4/2025,1105,2070,404,1.0,0,15%,Cash
1075,5/4/2025,1094,2071,404,2.0,984.26,15%,Debit
1076,5/4/2025,1078,2073,403,3.0,499.43,20%,Cash
1077,5/4/2025,1188,2017,401,1.0,417.33,15%,Cash
1078,5/4/2025,1114,2089,402,0.0,827.04,20%,Debit
1079,5/4/2025,1054,2065,404,2.0,376.27,20%,Cash
1080,5/4/2025,1140,2078,401,1.0,255.62,10%,Credit
1081,5/4/2025,1099,2081,401,0.0,1492.44,20%,Credit
1082,5/4/2025,1037,2060,404,0.0,1225.14,20%,Debit
1083,5/4/2025,1016,2033,402,2.0,2007,75%,Cash
1084,5/4/2025,1020,2077,401,3.0,561.83,50%,Credit
1085,5/4/2025,1102,2078,403,0.0,142.01,50%,Debit
1086,5/4/2025,1198,2022,404,3.0,671.18,20%,Credit
1087,5/4/2025,1002,2025,403,1.0,503.32,75%,Cash
1088,5/4/2025,1008,2076,402,1.0,1450.93,75%,Debit
1089,5/4/2025,1172,2004,403,1.0,834.52,10%,Credit
1090,5/4/2025,1167,2000,402,0.0,969.31,10%,Debit
1091,5/4/2025,1070,2099,404,2.0,1551.17,20%,Cash
1092,5/4/2025,1171,2050,404,1.0,168.1,10%,Cash
1093,5/4/2025,1132,2001,401,0.0,2061.75,75%,Credit
1094,5/4/2025,1140,2036,403,2.0,348.77,25%,Debit
1095,5/4/2025,1070,2028,402,3.0,2551.76,20%,Debit
1096,5/4/2025,1103,2073,401,2.0,0,20%,Credit
1097,5/4/2025,1044,2052,401,0.0,2193.78,25%,Debit
1098,5/4/2025,1128,2037,403,0.0,0,10%,Debit
1099,5/4/2025,1131,2032,403,3.0,4728,15%,Cash
1100,5/4/2025,1096,2072,404,1.0,378.27,10%,Debit
1101,5/4/2025,1193,2043,404,3.0,2620.35,20%,Debit
1102,5/4/2025,1150,2003,404,0.0,1155.54,75%,Debit
1103,5/4/2025,1066,2008,404,1.0,59.93,25%,Credit
1104,5/4/2025,1173,2089,402,2.0,0,15%,Debit
1105,5/4/2025,1105,2045,401,2.0,499.42,75%,Credit
1106,5/4/2025,1063,2036,401,3.0,653.94,20%,Debit
1107,5/4/2025,1172,2095,403,0.0,981.58,15%,Debit
1108,5/4/2025,1141,2022,404,2.0,0,25%,Debit
1109,5/4/2025,1090,2027,403,1.0,698.25,20%,Cash
1110,5/4/2025,1191,2087,402,3.0,955.92,15%,Cash
1111,5/4/2025,1188,2025,402,1.0,251.66,15%,Debit
1112,5/4/2025,1067,2026,402,1.0,380.81,20%,Debit
1113,5/4/2025,1063,2079,403,1.0,1710.97,20%,Cash
1114,5/4/2025,1199,2013,401,0.0,5612.16,20%,Debit
1115,5/4/2025,1173,2084,404,0.0,281.85,20%,Debit
1116,5/4/2025,1195,2069,401,3.0,697.17,75%,Debit
1117,5/4/2025,1095,2079,403,3.0,950.54,75%,Debit
1118,5/4/2025,1147,2035,404,1.0,809.99,10%,Debit
1119,5/4/2025,1195,2065,403,3.0,1411.02,10%,Credit
1120,5/4/2025,1056,2096,402,0.0,0,10%,Debit
1121,5/4/2025,1134,2054,404,0.0,3602.04,20%,Credit
1122,5/4/2025,1128,2044,404,1.0,373.64,20%,Credit
1123,5/4/2025,1117,2015,404,2.0,1619.93,50%,Cash
1124,5/4/2025,1176,2001,401,1.0,371.12,25%,Credit
1125,5/4/2025,1097,2074,401,2.0,527.6,25%,Credit
1126,5/4/2025,1092,2078,403,1.0,383.43,75%,Credit
1127,5/4/2025,1140,2033,402,2.0,1338,75%,Cash
1128,5/4/2025,1120,2078,403,2.0,227.22,10%,Debit
1129,5/4/2025,1047,2063,404,1.0,0,75%,Credit
1130,5/4/2025,1107,2089,403,2.0,330.82,15%,Debit
1131,5/4/2025,1102,2035,404,1.0,1619.98,10%,Debit
1132,5/4/2025,1146,2016,402,0.0,0,20%,Debit
1133,5/4/2025,1184,2034,402,3.0,680.85,20%,Debit
1134,5/4/2025,1097,2025,402,1.0,1258.29,25%,Credit
1135,5/4/2025,1121,2001,402,3.0,0,15%,Cash
1136,5/4/2025,1127,2017,403,3.0,0,10%,Cash
1137,5/4/2025,1076,2032,401,3.0,6619.2,10%,Credit
1138,5/4/2025,1025,2088,402,0.0,0,20%,Credit
1139,5/4/2025,1055,2032,404,0.0,945.6,25%,Cash
1140,5/4/2025,1115,2095,403,2.0,0,75%,Cash
1141,5/4/2025,1092,2046,403,2.0,80.23,20%,Cash
1142,5/4/2025,1005,2052,401,2.0,1170.02,10%,Credit
1143,5/4/2025,1173,2077,402,1.0,1516.94,15%,Cash
1144,5/4/2025,1199,2036,403,2.0,871.92,10%,Cash
1145,5/4/2025,1172,2065,404,3.0,2822.04,10%,Credit
1146,5/4/2025,1020,2048,403,3.0,1072.89,10%,Credit
1147,5/4/2025,1161,2018,402,2.0,1301.42,20%,Credit
1148,5/4/2025,1107,2080,404,0.0,4993.56,75%,Debit
1149,5/4/2025,1020,2020,403,1.0,1014.74,10%,Debit
1150,5/4/2025,1080,2040,403,2.0,55.26,10%,Debit
1151,5/4/2025,1154,2082,404,2.0,639.84,10%,Cash
1152,5/4/2025,1113,2099,403,3.0,646.32,25%,Cash
1153,5/4/2025,1105,2021,402,0.0,835.41,50%,Credit
1154,5/4/2025,1032,2093,402,2.0,2419.01,75%,Cash
1155,5/4/2025,1190,2089,401,1.0,0,75%,Debit
1156,5/4/2025,1042,2050,401,0.0,1120.68,15%,Debit
1157,5/4/2025,1016,2060,401,0.0,816.76,20%,Debit
1158,5/4/2025,1197,2050,401,0.0,560.34,10%,Credit
1159,5/4/2025,1067,2079,402,0.0,1901.08,10%,Credit
1160,5/4/2025,1167,2049,403,1.0,0,75%,Debit
1161,5/4/2025,1063,2094,403,3.0,493.35,25%,Debit
1162,5/4/2025,1160,2016,402,1.0,1162.87,10%,Debit
1163,5/4/2025,1007,2004,403,2.0,2225.4,10%,Credit
1164,5/4/2025,1121,2059,403,3.0,2048.2,10%,Credit
1165,5/4/2025,1034,2089,402,3.0,2481.12,15%,Debit
1166,5/4/2025,1161,2095,404,2.0,392.63,20%,Credit
1167,5/4/2025,1088,2061,402,0.0,799.68,20%,Credit
1168,5/4/2025,1113,2039,403,3.0,976.44,75%,Credit
1169,5/4/2025,1066,2019,403,0.0,933.93,15%,Debit
1170,5/4/2025,1000,2066,402,2.0,412.85,15%,Debit
1171,5/4/2025,1073,2060,401,3.0,0,20%,Debit
1172,5/4/2025,1193,2061,403,0.0,199.92,25%,Credit
1173,5/4/2025,1196,2055,403,1.0,194.18,20%,Cash
1174,5/4/2025,1001,2070,403,1.0,61.52,50%,Credit
1175,5/4/2025,1105,2071,404,3.0,615.16,10%,Cash
1176,5/4/2025,1063,2020,404,3.0,375.83,15%,Credit
1177,5/4/2025,1056,2033,401,3.0,836.25,75%,Credit
1178,5/4/2025,1160,2030,403,2.0,271.95,20%,Debit
1179,5/4/2025,1166,2095,403,3.0,1472.37,75%,Credit
1180,5/4/2025,1048,2008,402,1.0,0,20%,Cash
1181,5/4/2025,1074,2014,404,3.0,738.9,15%,Credit
1182,5/4/2025,1069,2089,404,1.0,372.17,10%,Cash
1183,5/4/2025,1082,2002,402,0.0,1732,50%,Credit
1184,5/4/2025,1136,2002,402,0.0,1732,75%,Cash
1185,5/4/2025,1072,2034,402,3.0,0,10%,Debit
1186,5/4/2025,1186,2001,402,0.0,824.7,10%,Debit
1187,5/4/2025,1038,2001,404,1.0,0,10%,Debit
1188,5/4/2025,1087,2053,403,3.0,2440.6,25%,Credit
1189,5/4/2025,1095,2059,401,2.0,1638.56,15%,Debit
1190,5/4/2025,1020,2096,402,0.0,2688.72,25%,Debit
1191,5/4/2025,1068,2099,404,0.0,1938.96,20%,Credit
1192,5/4/2025,1139,2060,402,1.0,1102.63,10%,Debit
1193,5/4/2025,1064,2048,401,0.0,715.26,20%,Debit
1194,5/4/2025,1196,2091,402,3.0,0,20%,Credit
1195,5/4/2025,1197,2056,402,0.0,1049.44,20%,Cash
1196,5/4/2025,1050,2058,401,1.0,1800.22,25%,Debit
1197,5/4/2025,1121,2049,403,2.0,751.87,15%,Debit
1198,5/4/2025,1040,2080,401,0.0,1664.52,20%,Debit
1199,5/4/2025,1064,2061,403,1.0,179.93,10%,Credit
1200,5/4/2025,1092,2006,402,0.0,198,20%,Debit
1201,5/4/2025,1060,2081,404,2.0,1193.95,20%,Credit
1202,5/4/2025,1003,2021,403,0.0,2506.23,20%,Debit
1203,5/4/2025,1101,2031,401,0.0,1130.6,75%,Credit
1204,5/4/2025,1148,2088,404,1.0,0,25%,Debit
1205,5/4/2025,1095,2098,401,1.0,2451.22,10%,Credit
1206,5/4/2025,1040,2063,401,2.0,883.94,15%,Debit
1207,5/4/2025,1194,2080,401,0.0,1664.52,50%,Debit
1208,5/4/2025,1091,2082,402,0.0,0,20%,Cash
1209,5/4/2025,1032,2062,402,2.0,1981.95,50%,Cash
1210,5/4/2025,1142,2082,403,3.0,799.8,20%,Credit
1211,5/4/2025,1187,2024,401,3.0,372.81,50%,Debit
1212,5/4/2025,1091,2092,402,2.0,385.77,20%,Debit
1213,5/4/2025,1010,2062,404,2.0,990.98,15%,Credit
1214,5/4/2025,1138,2089,404,1.0,744.34,75%,Cash
1215,5/4/2025,1145,2023,403,2.0,1503.26,50%,Credit
1216,5/4/2025,1187,2059,403,1.0,1843.38,50%,Debit
1217,5/4/2025,1017,2067,402,3.0,0,25%,Debit
1218,5/4/2025,1075,2033,403,3.0,836.25,15%,Cash
1219,5/4/2025,1000,2099,404,1.0,2326.75,15%,Credit
1220,5/4/2025,1004,2079,403,1.0,0,10%,Credit
1221,5/4/2025,1082,2092,401,3.0,0,75%,Debit
1222,5/4/2025,1048,2067,404,1.0,785.56,75%,Debit
1223,5/4/2025,1156,2036,403,3.0,0,15%,Cash
1224,5/4/2025,1164,2041,401,0.0,804.21,75%,Credit
1225,5/4/2025,1133,2084,401,0.0,0,15%,Debit
1226,5/4/2025,1033,2022,401,1.0,604.06,75%,Debit
1227,5/4/2025,1027,2062,402,0.0,1238.72,15%,Debit
1228,5/4/2025,1008,2073,404,3.0,1498.29,20%,Credit
1229,5/4/2025,1134,2079,403,0.0,950.54,75%,Cash
1230,5/4/2025,1093,2028,401,0.0,1275.88,15%,Credit
1231,5/4/2025,1053,2083,404,0.0,2304.48,20%,Credit
1232,5/4/2025,1119,2081,401,2.0,0,15%,Credit
1233,5/4/2025,1142,2095,404,2.0,1177.9,75%,Cash
1234,5/4/2025,1181,2007,403,0.0,583.39,25%,Debit
1235,5/4/2025,1187,2009,403,0.0,265.24,20%,Debit
1236,5/4/2025,1055,2066,401,0.0,2580.3,50%,Cash
1237,5/4/2025,1185,2029,404,1.0,12.16,20%,Credit
1238,5/4/2025,1049,2067,402,1.0,261.86,15%,Debit
1239,5/4/2025,1142,2095,404,0.0,1963.16,50%,Credit
1240,5/4/2025,1196,2081,403,3.0,746.22,15%,Debit
1241,5/4/2025,1179,2085,404,0.0,242.15,20%,Debit
1242,5/4/2025,1042,2023,404,2.0,2254.9,10%,Debit
1243,5/4/2025,1168,2020,404,2.0,601.33,75%,Debit
1244,5/4/2025,1080,2070,403,2.0,0,20%,Credit
1245,5/4/2025,1105,2097,404,2.0,673.68,20%,Debit
1246,5/4/2025,1155,2030,402,3.0,509.91,50%,Debit
1247,5/4/2025,1196,2070,403,2.0,27.34,10%,Cash
1248,5/4/2025,1115,2057,404,0.0,1747.92,50%,Debit
1249,5/4/2025,1185,2004,403,0.0,2781.75,75%,Credit
1250,5/4/2025,1132,2017,403,0.0,0,15%,Cash
1251,5/4/2025,1076,2028,402,2.0,1020.7,10%,Debit
1252,5/4/2025,1005,2098,403,1.0,3268.3,25%,Cash
1253,5/4/2025,1024,2004,404,2.0,1483.6,20%,Debit
1254,5/4/2025,1039,2017,403,2.0,370.96,50%,Credit
1255,5/4/2025,1149,2031,402,2.0,904.48,10%,Debit
1256,5/4/2025,1076,2011,404,1.0,737.53,75%,Credit
1257,5/4/2025,1187,2009,403,3.0,198.93,15%,Debit
1258,5/4/2025,1044,2062,401,2.0,495.49,75%,Debit
1259,5/4/2025,1009,2093,404,0.0,0,10%,Cash
1260,5/4/2025,1199,2007,403,2.0,1400.14,10%,Debit
1261,5/4/2025,1111,2053,401,1.0,3294.81,10%,Debit
1262,5/4/2025,1191,2083,401,3.0,768.16,75%,Debit
1263,5/4/2025,1013,2039,401,2.0,1562.3,15%,Credit
1264,5/4/2025,1138,2072,402,2.0,672.48,20%,Debit
1265,5/4/2025,1128,2089,402,1.0,744.34,50%,Debit
1266,5/4/2025,1012,2086,404,3.0,2682.3,10%,Debit
1267,5/4/2025,1192,2076,401,1.0,1450.93,15%,Credit
1268,5/4/2025,1110,2037,404,1.0,324.13,25%,Credit
1269,5/4/2025,1033,2043,401,3.0,4367.25,75%,Debit
1270,5/4/2025,1146,2095,401,3.0,1963.16,10%,Debit
1271,5/4/2025,1067,2010,404,3.0,0,15%,Credit
1272,5/4/2025,1198,2089,402,1.0,744.34,20%,Credit
1273,5/4/2025,1123,2071,402,3.0,1845.48,10%,Debit
1274,5/4/2025,1101,2083,402,1.0,2074.03,20%,Debit
1275,5/4/2025,1062,2009,403,3.0,66.31,10%,Debit
1276,5/4/2025,1082,2087,401,0.0,318.64,15%,Credit
1277,5/4/2025,1171,2052,404,2.0,0,50%,Debit
1278,5/4/2025,1089,2024,403,2.0,298.25,75%,Debit
1279,5/4/2025,1152,2083,401,2.0,1843.58,15%,Debit
1280,5/4/2025,1043,2044,404,1.0,373.64,20%,Debit
1281,5/4/2025,1112,2005,402,1.0,0,10%,Debit
1282,5/4/2025,1175,2047,402,0.0,1004.94,10%,Credit
1283,5/4/2025,1028,2094,401,1.0,888.03,20%,Credit
1284,5/4/2025,1158,2018,403,0.0,2169.04,75%,Cash
1285,5/4/2025,1087,2088,401,2.0,567.48,20%,Debit
1286,5/4/2025,1115,2060,401,2.0,980.11,75%,Credit
1287,5/4/2025,1053,2094,402,1.0,888.03,10%,Debit
1288,5/4/2025,1139,2066,403,3.0,2580.3,20%,Debit
1289,5/4/2025,1159,2093,402,0.0,0,75%,Debit
1290,5/4/2025,1096,2074,401,2.0,1055.2,15%,Debit
1291,5/4/2025,1043,2007,403,1.0,525.05,75%,Debit
1292,5/4/2025,1178,2079,403,0.0,950.54,10%,Debit
1293,5/4/2025,1119,2083,401,0.0,768.16,10%,Debit
1294,5/4/2025,1099,2084,403,2.0,0,10%,Debit
1295,5/4/2025,1027,2002,403,3.0,866,20%,Credit
1296,5/4/2025,1059,2048,401,2.0,572.21,75%,Credit
1297,5/4/2025,1124,2076,401,1.0,2176.39,20%,Credit
1298,5/4/2025,1050,2064,404,0.0,1470.2,10%,Credit
1299,5/4/2025,1010,2031,403,2.0,1356.72,75%,Debit
1300,5/4/2025,1125,2050,402,0.0,373.56,75%,Debit
1301,5/4/2025,1088,2087,403,2.0,509.82,15%,Cash
1302,5/4/2025,1160,2038,402,2.0,2223.62,10%,Cash
1303,5/4/2025,1015,2080,403,3.0,2496.78,15%,Debit
1304,5/4/2025,1007,2071,403,1.0,553.64,20%,Debit
1305,5/4/2025,1038,2043,404,1.0,786.1,50%,Debit
1306,5/4/2025,1022,2093,404,1.0,2721.38,10%,Debit
1307,5/4/2025,1106,2030,402,3.0,1019.82,75%,Credit
1308,5/4/2025,1079,2077,403,3.0,561.83,20%,Cash
1309,5/4/2025,1138,2016,402,1.0,872.15,75%,Credit
1310,5/4/2025,1148,2069,402,1.0,418.3,15%,Credit
1311,5/4/2025,1079,2088,402,3.0,709.35,25%,Debit
1312,5/4/2025,1197,2018,402,2.0,867.62,10%,Debit
1313,5/4/2025,1017,2071,401,1.0,553.64,10%,Debit
1314,5/4/2025,1081,2018,401,2.0,867.62,75%,Debit
1315,5/4/2025,1105,2052,403,3.0,731.26,20%,Cash
1316,5/4/2025,1190,2081,403,1.0,0,15%,Cash
1317,5/4/2025,1199,2024,401,1.0,223.69,75%,Debit
1318,5/4/2025,1047,2003,403,1.0,346.66,20%,Debit
1319,5/4/2025,1152,2029,402,0.0,27.02,75%,Debit
1320,5/4/2025,1091,2010,404,1.0,210.17,15%,Debit
1321,5/4/2025,1128,2077,404,2.0,0,10%,Debit
1322,5/4/2025,1047,2049,404,3.0,0,75%,Cash
1323,5/4/2025,1035,2020,402,1.0,676.49,75%,Cash
1324,5/4/2025,1008,2052,401,2.0,585.01,15%,Debit
1325,5/4/2025,1105,2028,402,1.0,1148.29,15%,Debit
1326,5/4/2025,1016,2022,404,3.0,2684.72,50%,Debit
1327,5/4/2025,1176,2041,404,1.0,1447.58,10%,Credit
1328,5/4/2025,1109,2051,401,3.0,469.28,15%,Debit
1329,5/4/2025,1184,2040,404,0.0,103.62,10%,Credit
1330,5/4/2025,1133,2013,404,3.0,3741.44,10%,Debit
1331,5/4/2025,1010,2031,404,0.0,1130.6,10%,Debit
1332,5/4/2025,1142,2049,401,1.0,0,75%,Debit
1333,5/4/2025,1074,2056,404,2.0,839.55,20%,Cash
1334,5/4/2025,1198,2036,404,1.0,392.36,75%,Credit
1335,5/4/2025,1108,2037,401,1.0,648.25,10%,Credit
1336,5/4/2025,1118,2082,404,0.0,799.8,10%,Credit
1337,5/4/2025,1184,2064,401,1.0,264.64,50%,Credit
1338,5/4/2025,1199,2074,402,3.0,1978.5,10%,Debit
1339,5/4/2025,1105,2041,404,0.0,0,10%,Cash
1340,5/4/2025,1045,2058,402,3.0,0,50%,Cash
1341,5/4/2025,1023,2032,403,1.0,1702.08,75%,Credit
1342,5/4/2025,1183,2093,401,0.0,2267.82,50%,Debit
1343,5/4/2025,1029,2090,404,2.0,57.31,15%,Cash
1344,5/4/2025,1021,2067,404,1.0,261.86,75%,Debit
1345,5/4/2025,1096,2070,404,0.0,136.72,15%,Credit
1346,5/4/2025,1196,2021,403,1.0,751.87,15%,Debit
1347,5/4/2025,1041,2018,402,0.0,1084.52,20%,Debit
1348,5/4/2025,1107,2039,403,3.0,0,20%,Cash
1349,5/4/2025,1073,2080,402,0.0,3329.04,75%,Cash
1350,5/4/2025,1033,2025,401,2.0,671.09,20%,Debit
1351,5/4/2025,1003,2058,404,3.0,2000.25,10%,Credit
1352,5/4/2025,1139,2000,404,1.0,1744.76,15%,Credit
1353,5/4/2025,1055,2075,404,3.0,3122.56,20%,Cash
1354,5/4/2025,1104,2056,401,0.0,1574.16,10%,Credit
1355,5/4/2025,1062,2070,403,1.0,30.76,75%,Debit
1356,5/4/2025,1012,2023,402,0.0,2818.62,75%,Debit
1357,5/4/2025,1167,2044,401,1.0,560.47,50%,Cash
1358,5/4/2025,1008,2085,403,2.0,0,15%,Credit
1359,5/4/2025,1022,2006,401,3.0,990,10%,Debit
1360,5/4/2025,1045,2020,403,1.0,1352.99,25%,Debit
1361,5/4/2025,1116,2095,403,0.0,981.58,10%,Debit
1362,5/4/2025,1023,2098,403,2.0,1452.58,50%,Debit
1363,5/4/2025,1094,2048,401,3.0,1072.89,75%,Debit
1364,5/4/2025,1140,2008,403,3.0,0,15%,Credit
1365,5/4/2025,1034,2015,403,2.0,1079.95,15%,Debit
1366,5/4/2025,1134,2052,402,1.0,1316.27,10%,Debit
1367,5/4/2025,1156,2007,401,0.0,1750.17,10%,Credit
1368,5/4/2025,1123,2092,403,3.0,0,15%,Debit
1369,5/4/2025,1155,2040,403,2.0,27.63,20%,Cash
1370,5/4/2025,1033,2078,404,3.0,568.04,20%,Debit
1371,5/4/2025,1126,2023,402,2.0,2254.9,10%,Debit
1372,5/4/2025,1049,2000,401,0.0,3877.24,50%,Debit
1373,5/4/2025,1119,2080,401,1.0,0,10%,Credit
1374,5/4/2025,1157,2053,404,0.0,1830.45,20%,Debit
1375,5/4/2025,1085,2044,402,0.0,207.58,50%,Debit
1376,5/4/2025,1163,2025,403,2.0,447.39,75%,Debit
1377,5/4/2025,1017,2039,403,2.0,3905.76,10%,Debit
1378,5/4/2025,1196,2000,401,2.0,0,15%,Debit
1379,5/4/2025,1087,2050,401,1.0,168.1,75%,Debit
1380,5/4/2025,1049,2042,403,3.0,670.44,75%,Credit
1381,5/4/2025,1121,2004,402,3.0,3709,15%,Debit
1382,5/4/2025,1039,2080,404,2.0,665.81,20%,Credit
1383,5/4/2025,1118,2052,401,2.0,0,75%,Cash
1384,5/4/2025,1144,2092,403,0.0,1446.63,20%,Cash
1385,5/4/2025,1053,2073,403,2.0,1198.63,25%,Cash
1386,5/4/2025,1016,2019,403,0.0,0,25%,Debit
1387,5/4/2025,1086,2048,402,3.0,1072.89,15%,Debit
1388,5/4/2025,1047,2076,401,2.0,0,25%,Debit
1389,5/4/2025,1180,2040,401,2.0,110.53,20%,Cash
1390,5/4/2025,1105,2011,404,1.0,0,10%,Credit
1391,5/4/2025,1095,2057,403,1.0,786.56,20%,Debit
1392,5/4/2025,1134,2038,402,0.0,926.51,20%,Debit
1393,5/4/2025,1095,2004,402,0.0,0,20%,Credit
1394,5/4/2025,1113,2064,401,3.0,294.04,75%,Debit
1395,5/4/2025,1128,2019,402,2.0,1494.29,15%,Cash
1396,5/4/2025,1123,2093,403,2.0,3023.76,50%,Debit
1397,5/4/2025,1036,2098,401,1.0,817.07,20%,Debit
1398,5/4/2025,1052,2092,401,3.0,1928.84,10%,Debit
1399,5/4/2025,1099,2091,401,0.0,905.79,20%,Debit
1400,5/4/2025,1079,2005,401,2.0,1715.12,10%,Debit
1401,5/4/2025,1119,2005,401,2.0,686.05,20%,Credit
1402,5/4/2025,1005,2073,403,1.0,0,20%,Debit
1403,5/4/2025,1082,2025,402,2.0,223.7,10%,Debit
1404,5/4/2025,1070,2068,403,3.0,2460.72,50%,Credit
1405,5/4/2025,1171,2015,403,1.0,0,10%,Credit
1406,5/4/2025,1040,2035,401,0.0,899.99,10%,Debit
1407,5/4/2025,1159,2071,401,1.0,1660.93,10%,Debit
1408,5/4/2025,1138,2044,403,2.0,0,10%,Debit
1409,5/4/2025,1036,2090,403,1.0,0,20%,Cash
1410,5/4/2025,1043,2009,403,2.0,106.1,15%,Debit
1411,5/4/2025,1138,2056,401,1.0,944.5,15%,Debit
1412,5/4/2025,1007,2060,401,0.0,816.76,75%,Debit
1413,5/4/2025,1098,2006,401,3.0,990,15%,Cash
1414,5/4/2025,1100,2022,404,2.0,1610.83,10%,Debit
1415,5/4/2025,1079,2042,402,0.0,167.61,20%,Debit
1416,5/4/2025,1193,2097,404,1.0,2273.67,15%,Debit
1417,5/4/2025,1023,2089,404,0.0,413.52,20%,Cash
1418,5/4/2025,1116,2039,404,3.0,3905.76,20%,Credit
1419,5/4/2025,1059,2028,402,2.0,1531.06,75%,Debit
1420,5/4/2025,1093,2050,402,2.0,298.85,15%,Debit
1421,5/4/2025,1083,2058,404,0.0,2000.25,10%,Debit
1422,5/4/2025,1016,2060,401,2.0,653.41,15%,Debit
1423,5/4/2025,1122,2059,402,2.0,1228.92,10%,Debit
1424,5/4/2025,1196,2044,402,0.0,207.58,20%,Debit
1425,5/4/2025,1103,2091,401,2.0,2173.9,50%,Debit
1426,5/4/2025,1142,2083,401,2.0,1229.06,50%,Cash
1427,5/4/2025,1136,2059,404,3.0,2560.25,10%,Debit
1428,5/4/2025,1061,2079,402,1.0,2566.46,15%,Debit
1429,5/4/2025,1123,2049,401,2.0,751.87,20%,Credit
1430,5/4/2025,1053,2088,404,3.0,709.35,20%,Cash
1431,5/4/2025,1145,2043,402,1.0,1572.21,15%,Debit
1432,5/4/2025,1169,2085,401,3.0,1210.75,10%,Credit
1433,5/4/2025,1029,2075,404,2.0,1249.02,25%,Debit
1434,5/4/2025,1142,2012,404,1.0,1682.61,15%,Cash
1435,5/4/2025,1078,2051,401,0.0,117.32,10%,Credit
1436,5/4/2025,1175,2076,404,2.0,1289.71,20%,Debit
1437,5/4/2025,1126,2082,401,0.0,1066.4,15%,Credit
1438,5/4/2025,1055,2017,401,1.0,1669.32,10%,Debit
1439,5/4/2025,1169,2019,404,2.0,747.14,10%,Debit
1440,5/4/2025,1099,2078,404,1.0,383.43,20%,Debit
1441,5/4/2025,1052,2087,403,2.0,0,20%,Cash
1442,5/4/2025,1145,2086,403,3.0,2682.3,75%,Credit
1443,5/4/2025,1183,2044,401,0.0,1037.9,25%,Credit
1444,5/4/2025,1156,2065,404,1.0,423.31,75%,Debit
1445,5/4/2025,1075,2007,403,0.0,1166.78,15%,Debit
1446,5/4/2025,1000,2090,403,0.0,143.28,10%,Debit
1447,5/4/2025,1072,2003,402,3.0,0,75%,Credit
1448,5/4/2025,1179,2075,404,2.0,1873.54,50%,Debit
1449,5/4/2025,1182,2048,404,3.0,357.63,50%,Credit
1450,5/4/2025,1111,2069,402,1.0,836.6,10%,Debit
1451,5/4/2025,1121,2017,402,3.0,2782.2,10%,Credit
1452,5/4/2025,1092,2053,402,2.0,1464.36,75%,Credit
1453,5/4/2025,1171,2016,402,0.0,646.04,10%,Credit
1454,5/4/2025,1018,2082,401,1.0,0,15%,Credit
1455,5/4/2025,1184,2062,404,1.0,1672.27,20%,Cash
1456,5/4/2025,1021,2017,404,3.0,463.7,20%,Credit
1457,5/4/2025,1178,2077,404,1.0,505.65,10%,Debit
1458,5/4/2025,1116,2065,404,3.0,470.34,10%,Debit
1459,5/4/2025,1098,2045,402,1.0,280.93,75%,Debit
1460,5/4/2025,1108,2077,401,3.0,1685.49,15%,Cash
1461,5/4/2025,1187,2030,403,3.0,509.91,15%,Debit
1462,5/4/2025,1139,2073,403,0.0,499.43,50%,Cash
1463,5/4/2025,1009,2072,404,2.0,0,15%,Credit
1464,5/4/2025,1028,2074,404,0.0,3297.5,75%,Debit
1465,5/4/2025,1036,2093,403,3.0,0,10%,Debit
1466,5/4/2025,1132,2010,401,1.0,0,15%,Debit
1467,5/4/2025,1120,2080,401,2.0,665.81,20%,Debit
1468,5/4/2025,1156,2006,403,0.0,198,75%,Debit
1469,5/4/2025,1120,2058,404,2.0,1600.2,50%,Debit
1470,5/4/2025,1107,2045,403,2.0,249.71,20%,Debit
1471,5/4/2025,1042,2004,403,2.0,0,25%,Cash
1472,5/4/2025,1015,2080,404,1.0,749.03,10%,Credit
1473,5/4/2025,1146,2006,403,0.0,792,20%,Credit
1474,5/4/2025,1073,2062,401,1.0,1114.85,20%,Credit
1475,5/4/2025,1129,2009,403,2.0,0,10%,Cash
1476,5/4/2025,1033,2078,403,2.0,340.82,20%,Debit
1477,5/4/2025,1065,2001,401,1.0,371.12,20%,Debit
1478,5/4/2025,1151,2094,402,3.0,493.35,20%,Credit
1479,5/4/2025,1094,2022,403,1.0,0,20%,Credit
1480,5/4/2025,1124,2023,401,2.0,2254.9,10%,Cash
1481,5/4/2025,1021,2018,402,3.0,542.26,50%,Debit
1482,5/4/2025,1192,2052,404,1.0,0,15%,Credit
1483,5/4/2025,1169,2056,402,1.0,944.5,20%,Debit
1484,5/4/2025,1147,2093,403,0.0,2267.82,15%,Credit
1485,5/4/2025,1164,2033,401,0.0,836.25,75%,Cash
1486,5/4/2025,1042,2059,404,3.0,3072.3,50%,Credit
1487,5/4/2025,1077,2060,402,3.0,1633.52,75%,Credit
1488,5/4/2025,1174,2090,404,3.0,286.56,10%,Credit
1489,5/4/2025,1067,2018,404,0.0,2169.04,20%,Cash
1490,5/4/2025,1073,2057,404,2.0,349.58,20%,Debit
1491,5/4/2025,1135,2087,401,0.0,318.64,20%,Debit
1492,5/4/2025,1136,2081,403,3.0,2238.66,75%,Cash
1493,5/4/2025,1156,2083,403,2.0,1229.06,10%,Debit
1494,5/4/2025,1069,2034,401,2.0,217.87,15%,Debit
1495,5/4/2025,1167,2074,404,3.0,2638,50%,Cash
1496,5/4/2025,1197,2086,402,1.0,2414.07,10%,Cash
1497,5/4/2025,1133,2043,402,2.0,1397.52,50%,Cash
1498,5/4/2025,1140,2001,401,0.0,1237.05,50%,Cash
1499,5/4/2025,1003,2052,401,0.0,731.26,20%,Credit
1500,5/4/2025,1175,2057,403,1.0,1179.85,75%,Debit
1501,5/4/2025,1185,2036,403,1.0,980.91,15%,Cash
1502,5/4/2025,1008,2003,401,0.0,0,10%,Debit
1503,5/4/2025,1152,2084,402,0.0,281.85,15%,Credit
1504,5/4/2025,1181,2015,401,1.0,1214.95,10%,Debit
1505,5/4/2025,1096,2084,402,0.0,0,10%,Debit
1506,5/4/2025,1178,2023,403,2.0,1503.26,20%,Debit
1507,5/4/2025,1119,2084,401,3.0,0,75%,Debit
1508,5/4/2025,1070,2098,404,2.0,1452.58,10%,Debit
1509,5/4/2025,1065,2020,401,2.0,300.66,10%,Debit
1510,5/4/2025,1198,2007,404,3.0,2333.56,15%,Debit
1511,5/4/2025,1085,2007,403,2.0,933.42,20%,Debit
1512,5/4/2025,1045,2056,401,3.0,3148.32,15%,Credit
1513,5/4/2025,1051,2078,404,1.0,383.43,75%,Cash
1514,5/4/2025,1165,2062,401,1.0,557.42,10%,Cash
1515,5/4/2025,1138,2098,404,1.0,817.07,15%,Debit
1516,5/4/2025,1157,2082,401,3.0,1066.4,50%,Credit
1517,5/4/2025,1183,2033,401,0.0,0,10%,Credit
1518,5/4/2025,1018,2009,403,3.0,0,75%,Cash
1519,5/4/2025,1004,2063,402,0.0,552.46,75%,Debit
1520,5/4/2025,1009,2085,404,2.0,193.72,50%,Debit
1521,5/4/2025,1038,2089,403,3.0,1240.56,25%,Credit
1522,5/4/2025,1147,2000,404,3.0,4846.55,10%,Cash
1523,5/4/2025,1111,2051,401,1.0,211.18,15%,Debit
1524,5/4/2025,1000,2049,404,0.0,5639.04,20%,Credit
1525,5/4/2025,1145,2068,403,2.0,656.19,15%,Credit
1526,5/4/2025,1174,2038,404,0.0,1853.02,15%,Debit
1527,5/4/2025,1161,2082,401,2.0,213.28,75%,Cash
1528,5/4/2025,1136,2043,401,3.0,3493.8,15%,Debit
1529,5/4/2025,1194,2098,403,1.0,2451.22,20%,Credit
1530,5/4/2025,1045,2070,401,3.0,102.54,15%,Cash
1531,5/4/2025,1169,2024,403,3.0,621.35,15%,Credit
1532,5/4/2025,1027,2080,403,3.0,2496.78,75%,Debit
1533,5/4/2025,1021,2080,404,1.0,2247.1,75%,Credit
1534,5/4/2025,1035,2004,402,0.0,1854.5,15%,Debit
1535,5/4/2025,1184,2075,402,3.0,2341.92,20%,Credit
1536,5/4/2025,1099,2008,403,3.0,66.59,75%,Credit
1537,5/4/2025,1136,2057,401,0.0,1310.94,75%,Debit
1538,5/4/2025,1086,2007,403,0.0,1750.17,10%,Debit
1539,5/4/2025,1103,2015,402,3.0,2024.91,10%,Cash
1540,5/4/2025,1173,2068,402,1.0,0,10%,Debit
1541,5/4/2025,1018,2004,402,3.0,927.25,10%,Debit
1542,5/4/2025,1167,2002,404,0.0,866,15%,Credit
1543,5/4/2025,1062,2089,402,0.0,2067.6,50%,Credit
1544,5/4/2025,1044,2080,401,2.0,665.81,10%,Debit
1545,5/4/2025,1024,2058,402,0.0,2000.25,10%,Debit
1546,5/4/2025,1027,2014,404,1.0,443.34,15%,Debit
1547,5/4/2025,1016,2025,404,2.0,671.09,20%,Debit
1548,5/4/2025,1188,2086,404,2.0,2861.12,20%,Debit
1549,5/4/2025,1030,2087,402,2.0,382.37,15%,Debit
1550,5/4/2025,1054,2097,401,1.0,2273.67,20%,Debit
1551,5/4/2025,1085,2008,401,2.0,106.54,10%,Credit
1552,5/4/2025,1036,2096,404,1.0,1814.89,20%,Cash
1553,5/4/2025,1178,2047,402,3.0,1004.94,15%,Credit
1554,5/4/2025,1062,2074,401,1.0,1187.1,15%,Debit
1555,5/4/2025,1025,2080,404,1.0,3745.17,20%,Debit
1556,5/4/2025,1004,2062,401,0.0,2477.44,25%,Debit
1557,5/4/2025,1001,2022,401,2.0,536.94,75%,Debit
1558,5/4/2025,1106,2088,404,1.0,1276.83,10%,Debit
1559,5/4/2025,1052,2018,403,3.0,2169.04,20%,Cash
1560,5/4/2025,1105,2030,402,0.0,339.94,75%,Credit
1561,5/4/2025,1152,2023,404,0.0,1879.08,20%,Debit
1562,5/4/2025,1160,2038,403,3.0,0,10%,Debit
1563,5/4/2025,1001,2071,402,1.0,1660.93,20%,Cash
1564,5/4/2025,1030,2067,401,2.0,465.52,15%,Debit
1565,5/4/2025,1194,2069,402,3.0,929.56,75%,Cash
1566,5/4/2025,1197,2080,402,2.0,1331.62,20%,Credit
1567,5/4/2025,1013,2024,401,1.0,335.53,20%,Cash
1568,5/4/2025,1175,2060,404,1.0,735.08,25%,Debit
1569,5/4/2025,1040,2085,401,0.0,484.3,10%,Debit
1570,5/4/2025,1165,2046,403,1.0,60.17,15%,Debit
1571,5/4/2025,1111,2032,403,3.0,3782.4,15%,Debit
1572,5/4/2025,1011,2013,401,1.0,1683.65,20%,Credit
1573,5/4/2025,1040,2003,404,0.0,385.18,75%,Debit
1574,5/4/2025,1018,2030,404,2.0,135.98,10%,Credit
1575,5/4/2025,1107,2025,403,1.0,754.97,20%,Debit
1576,5/4/2025,1199,2014,403,1.0,0,75%,Credit
1577,5/4/2025,1025,2030,404,1.0,0,20%,Debit
1578,5/4/2025,1096,2028,401,3.0,2551.76,15%,Debit
1579,5/4/2025,1149,2062,401,3.0,1858.08,10%,Debit
1580,5/4/2025,1037,2027,404,1.0,465.5,25%,Cash
1581,5/4/2025,1099,2047,402,3.0,0,75%,Cash
1582,5/4/2025,1184,2024,403,2.0,198.83,15%,Credit
1583,5/4/2025,1051,2042,402,0.0,167.61,10%,Credit
1584,5/4/2025,1177,2072,401,2.0,672.48,10%,Credit
1585,5/4/2025,1034,2014,404,3.0,985.2,75%,Credit
1586,5/4/2025,1107,2021,403,1.0,751.87,10%,Debit
1587,5/4/2025,1075,2077,402,1.0,2528.24,20%,Debit
1588,5/4/2025,1147,2070,402,0.0,34.18,10%,Cash
1589,5/4/2025,1105,2066,404,1.0,928.91,20%,Credit
1590,5/4/2025,1151,2060,404,2.0,653.41,50%,Credit
1591,5/4/2025,1003,2093,404,1.0,680.35,15%,Debit
1592,5/4/2025,1063,2041,404,1.0,2171.37,75%,Debit
1593,5/4/2025,1151,2019,401,3.0,933.93,10%,Cash
1594,5/4/2025,1011,2005,404,0.0,428.78,15%,Debit
1595,5/4/2025,1108,2067,404,3.0,290.95,75%,Credit
1596,5/4/2025,1178,2012,404,3.0,623.19,15%,Credit
1597,5/4/2025,1061,2010,401,3.0,389.2,15%,Credit
1598,5/4/2025,1055,2016,403,2.0,0,20%,Debit
1599,5/4/2025,1061,2082,401,0.0,266.6,75%,Debit
1600,5/4/2025,1122,2085,403,1.0,217.94,50%,Debit
1601,5/4/2025,1180,2058,401,3.0,666.75,50%,Credit
1602,5/4/2025,1118,2098,402,3.0,907.86,10%,Cash
1603,5/4/2025,1047,2047,404,0.0,334.98,25%,Debit
1604,5/4/2025,1160,2009,404,2.0,0,15%,Debit
1605,5/4/2025,1135,2004,403,3.0,3709,50%,Credit
1606,5/4/2025,1192,2034,402,0.0,0,20%,Debit
1607,5/4/2025,1158,2042,401,2.0,402.26,10%,Debit
1608,5/4/2025,1013,2014,404,2.0,197.04,10%,Cash
1609,5/4/2025,1119,2079,401,2.0,4562.59,15%,Debit
1610,5/4/2025,1093,2022,401,1.0,604.06,20%,Debit
1611,5/4/2025,1035,2042,402,0.0,335.22,10%,Debit
1612,5/4/2025,1166,2061,402,1.0,179.93,20%,Debit
1613,5/4/2025,1082,2045,403,3.0,312.14,10%,Debit
1614,5/4/2025,1070,2006,401,2.0,633.6,10%,Debit
1615,5/4/2025,1088,2057,404,0.0,436.98,75%,Cash
1616,5/4/2025,1120,2090,403,3.0,214.92,20%,Credit
1617,5/4/2025,1158,2047,401,1.0,904.45,20%,Credit
1618,5/4/2025,1117,2011,401,3.0,0,10%,Debit
1619,5/4/2025,1045,2036,401,0.0,217.98,10%,Credit
1620,5/4/2025,1042,2035,401,1.0,809.99,10%,Credit
1621,5/4/2025,1127,2019,402,0.0,933.93,10%,Credit
1622,5/4/2025,1075,2053,402,3.0,2440.6,20%,Credit
1623,5/4/2025,1088,2053,404,0.0,610.15,15%,Cash
1624,5/4/2025,1074,2024,401,0.0,248.54,10%,Cash
1625,5/4/2025,1059,2066,403,3.0,2064.24,20%,Credit
1626,5/4/2025,1148,2043,403,3.0,873.45,20%,Debit
1627,5/4/2025,1151,2085,404,3.0,726.45,20%,Debit
1628,5/4/2025,1077,2072,402,2.0,1008.72,20%,Debit
1629,5/4/2025,1043,2033,402,3.0,836.25,15%,Cash
1630,5/4/2025,1095,2036,401,1.0,392.36,10%,Credit
1631,5/4/2025,1090,2036,404,1.0,588.55,10%,Credit
1632,5/4/2025,1158,2020,403,1.0,676.49,15%,Cash
1633,5/4/2025,1044,2090,402,1.0,0,75%,Debit
1634,5/4/2025,1060,2014,401,2.0,591.12,75%,Credit
1635,5/4/2025,1147,2016,404,2.0,516.83,10%,Credit
1636,5/4/2025,1094,2023,402,0.0,1879.08,25%,Credit
1637,5/4/2025,1170,2040,403,1.0,0,10%,Debit
1638,5/4/2025,1095,2057,402,2.0,349.58,10%,Credit
1639,5/4/2025,1031,2003,404,3.0,0,50%,Cash
1640,5/4/2025,1196,2018,404,2.0,433.81,20%,Debit
1641,5/4/2025,1039,2000,403,2.0,775.45,20%,Debit
1642,5/4/2025,1121,2037,402,3.0,1080.42,50%,Debit
1643,5/4/2025,1086,2088,401,3.0,2837.4,75%,Debit
1644,5/4/2025,1010,2017,401,2.0,1112.88,20%,Debit
1645,5/4/2025,1006,2051,402,3.0,351.96,75%,Credit
1646,5/4/2025,1091,2011,403,0.0,819.48,10%,Cash
1647,5/4/2025,1155,2082,402,1.0,959.76,20%,Debit
1648,5/4/2025,1005,2098,403,1.0,817.07,20%,Debit
1649,5/4/2025,1005,2010,404,0.0,233.52,15%,Cash
1650,5/4/2025,1131,2050,402,3.0,747.12,10%,Debit
1651,5/4/2025,1081,2077,401,2.0,1797.86,20%,Debit
1652,5/4/2025,1101,2018,404,2.0,867.62,15%,Debit
1653,5/4/2025,1098,2047,401,2.0,1071.94,20%,Debit
1654,5/4/2025,1088,2044,403,3.0,830.32,75%,Credit
1655,5/4/2025,1143,2011,402,3.0,1229.22,10%,Debit
1656,5/4/2025,1189,2053,404,2.0,1464.36,10%,Debit
1657,5/4/2025,1041,2093,404,3.0,2267.82,20%,Debit
1658,5/4/2025,1035,2075,401,1.0,1405.15,10%,Debit
1659,5/4/2025,1053,2038,404,2.0,2964.83,75%,Credit
1660,5/4/2025,1016,2075,404,0.0,3122.56,25%,Credit
1661,5/4/2025,1001,2052,403,3.0,731.26,50%,Debit
1662,5/4/2025,1044,2071,404,1.0,553.64,10%,Credit
1663,5/4/2025,1051,2023,404,2.0,0,20%,Credit
1664,5/4/2025,1141,2062,401,2.0,1486.46,10%,Credit
1665,5/4/2025,1149,2038,404,3.0,926.51,10%,Debit
1666,5/4/2025,1057,2003,401,1.0,2079.97,15%,Debit
1667,5/4/2025,1067,2038,404,0.0,926.51,25%,Cash
1668,5/4/2025,1167,2085,403,3.0,242.15,10%,Cash
1669,5/4/2025,1045,2062,402,0.0,1858.08,15%,Debit
1670,5/4/2025,1030,2097,403,3.0,3368.4,20%,Debit
1671,5/4/2025,1017,2076,403,3.0,0,10%,Credit
1672,5/4/2025,1144,2055,403,3.0,161.82,15%,Debit
1673,5/4/2025,1177,2015,403,0.0,674.97,15%,Credit
1674,5/4/2025,1066,2020,401,1.0,1014.74,10%,Cash
1675,5/4/2025,1081,2059,402,2.0,409.64,10%,Credit
1676,5/4/2025,1041,2006,403,2.0,475.2,10%,Credit
1677,5/4/2025,1107,2081,403,0.0,3731.1,20%,Cash
1678,5/4/2025,1074,2037,401,1.0,0,20%,Debit
1679,5/4/2025,1196,2080,402,0.0,832.26,50%,Debit
1680,5/4/2025,1153,2096,402,2.0,1075.49,75%,Debit
1681,5/4/2025,1080,2087,403,2.0,127.46,15%,Credit
1682,5/4/2025,1175,2089,403,0.0,2067.6,10%,Credit
1683,5/4/2025,1136,2074,403,1.0,593.55,20%,Cash
1684,5/4/2025,1003,2017,403,2.0,1112.88,10%,Cash
1685,5/4/2025,1199,2062,404,2.0,990.98,20%,Credit
1686,5/4/2025,1041,2013,402,1.0,1683.65,75%,Debit
1687,5/4/2025,1128,2028,402,0.0,0,15%,Cash
1688,5/4/2025,1106,2058,401,0.0,1333.5,10%,Credit
1689,5/4/2025,1033,2002,404,2.0,1385.6,20%,Debit
1690,5/4/2025,1079,2088,403,1.0,2553.66,10%,Credit
1691,5/4/2025,1113,2076,403,1.0,0,25%,Credit
1692,5/4/2025,1181,2038,401,0.0,2779.53,10%,Credit
1693,5/4/2025,1056,2016,402,1.0,872.15,20%,Debit
1694,5/4/2025,1078,2016,402,1.0,872.15,75%,Debit
1695,5/4/2025,1020,2054,401,0.0,1801.02,50%,Debit
1696,5/4/2025,1004,2099,404,3.0,0,50%,Credit
1697,5/4/2025,1010,2025,401,0.0,559.24,15%,Credit
1698,5/4/2025,1168,2065,401,3.0,1411.02,50%,Debit
1699,5/4/2025,1030,2032,401,0.0,945.6,15%,Credit
1700,5/4/2025,1077,2085,401,0.0,0,10%,Credit
1701,5/4/2025,1005,2015,402,1.0,0,75%,Debit
1702,5/4/2025,1047,2085,403,0.0,242.15,75%,Credit
1703,5/4/2025,1023,2018,403,2.0,0,20%,Debit
1704,5/4/2025,1090,2020,402,0.0,751.66,75%,Cash
1705,5/4/2025,1025,2074,401,1.0,593.55,75%,Debit
1706,5/4/2025,1183,2024,403,1.0,335.53,50%,Debit
1707,5/4/2025,1193,2068,401,0.0,820.24,75%,Credit
1708,5/4/2025,1054,2064,404,2.0,235.23,20%,Cash
1709,5/4/2025,1178,2075,402,3.0,5464.48,10%,Cash
1710,5/4/2025,1172,2013,402,2.0,2244.86,10%,Debit
1711,5/4/2025,1097,2054,402,1.0,810.46,10%,Cash
1712,5/4/2025,1104,2014,403,0.0,246.3,20%,Cash
1713,5/4/2025,1119,2014,402,3.0,1231.5,20%,Cash
1714,5/4/2025,1195,2046,403,0.0,100.29,20%,Credit
1715,5/4/2025,1021,2041,404,0.0,0,10%,Debit
1716,5/4/2025,1098,2036,404,2.0,0,10%,Debit
1717,5/4/2025,1175,2056,402,3.0,2098.88,10%,Credit
1718,5/4/2025,1074,2054,402,0.0,2701.53,75%,Debit
1719,5/4/2025,1121,2086,403,1.0,3218.76,20%,Debit
1720,5/4/2025,1003,2086,404,0.0,1788.2,25%,Debit
1721,5/4/2025,1101,2056,401,0.0,524.72,25%,Debit
1722,5/4/2025,1036,2050,404,0.0,747.12,10%,Credit
1723,5/4/2025,1189,2021,401,2.0,1336.66,15%,Credit
1724,5/4/2025,1050,2043,402,3.0,873.45,20%,Cash
1725,5/4/2025,1031,2029,404,3.0,40.53,15%,Debit
1726,5/4/2025,1071,2097,403,3.0,2526.3,20%,Credit
1727,5/4/2025,1091,2060,404,3.0,1225.14,10%,Debit
1728,5/4/2025,1130,2035,402,3.0,899.99,10%,Credit
1729,5/4/2025,1027,2015,403,3.0,0,75%,Credit
1730,5/4/2025,1127,2029,402,0.0,40.53,75%,Debit
1731,5/4/2025,1025,2094,401,0.0,1973.4,10%,Debit
1732,5/4/2025,1127,2086,401,1.0,4828.14,20%,Debit
1733,5/4/2025,1097,2077,403,1.0,2022.59,10%,Credit
1734,5/4/2025,1077,2079,401,0.0,1901.08,10%,Credit
1735,5/4/2025,1169,2096,404,3.0,672.18,15%,Debit
1736,5/4/2025,1051,2037,404,3.0,1800.7,15%,Debit
1737,5/4/2025,1129,2033,403,0.0,1672.5,20%,Credit
1738,5/4/2025,1195,2004,404,0.0,2781.75,15%,Debit
1739,5/4/2025,1098,2057,403,3.0,1310.94,10%,Debit
1740,5/4/2025,1113,2058,401,0.0,2000.25,75%,Debit
1741,5/4/2025,1045,2071,403,1.0,0,10%,Debit
1742,5/4/2025,1125,2055,402,2.0,86.3,15%,Credit
1743,5/4/2025,1183,2049,404,0.0,1879.68,20%,Debit
1744,5/4/2025,1145,2086,404,3.0,2682.3,75%,Debit
1745,5/4/2025,1121,2071,402,0.0,1845.48,10%,Credit
1746,5/4/2025,1100,2033,404,3.0,2508.75,10%,Debit
1747,5/4/2025,1157,2086,403,2.0,1430.56,10%,Cash
1748,5/4/2025,1082,2007,401,0.0,1750.17,25%,Cash
1749,5/4/2025,1032,2046,403,0.0,167.15,10%,Debit
1750,5/4/2025,1195,2080,403,3.0,3329.04,20%,Credit
1751,5/4/2025,1024,2054,403,2.0,0,15%,Credit
1752,5/4/2025,1105,2044,401,1.0,373.64,50%,Debit
1753,5/4/2025,1063,2030,403,0.0,509.91,75%,Debit
1754,5/4/2025,1176,2008,403,0.0,133.18,15%,Debit
1755,5/4/2025,1086,2021,401,2.0,2004.98,15%,Debit
1756,5/4/2025,1009,2058,404,3.0,2000.25,25%,Cash
1757,5/4/2025,1068,2002,404,0.0,0,15%,Debit
1758,5/4/2025,1081,2048,404,2.0,572.21,75%,Cash
1759,5/4/2025,1146,2012,404,0.0,623.19,10%,Debit
1760,5/4/2025,1176,2086,402,2.0,1430.56,10%,Debit
1761,5/4/2025,1127,2064,403,1.0,529.27,15%,Debit
1762,5/4/2025,1157,2038,403,3.0,4632.55,20%,Credit
1763,5/4/2025,1051,2063,401,1.0,0,50%,Cash
1764,5/4/2025,1073,2033,401,2.0,1338,10%,Debit
1765,5/4/2025,1146,2051,402,0.0,0,10%,Debit
1766,5/4/2025,1183,2074,401,2.0,0,10%,Debit
1767,5/4/2025,1069,2008,404,3.0,66.59,15%,Debit
1768,5/4/2025,1053,2044,401,2.0,332.13,75%,Debit
1769,5/4/2025,1129,2038,404,2.0,0,15%,Credit
1770,5/4/2025,1051,2053,404,2.0,488.12,10%,Cash
1771,5/4/2025,1159,2065,404,1.0,1693.22,10%,Credit
1772,5/4/2025,1004,2080,402,3.0,3329.04,25%,Cash
1773,5/4/2025,1054,2084,404,2.0,901.92,10%,Debit
1774,5/4/2025,1163,2068,404,0.0,1640.48,50%,Credit
1775,5/4/2025,1133,2025,403,3.0,838.86,25%,Debit
1776,5/4/2025,1037,2030,402,2.0,271.95,75%,Debit
1777,5/4/2025,1111,2052,403,0.0,731.26,10%,Debit
1778,5/4/2025,1162,2026,404,2.0,169.25,75%,Debit
1779,5/4/2025,1073,2082,402,2.0,213.28,50%,Debit
1780,5/4/2025,1175,2076,402,3.0,806.07,15%,Credit
1781,5/4/2025,1061,2014,402,1.0,665.01,15%,Credit
1782,5/4/2025,1007,2031,403,3.0,1695.9,15%,Debit
1783,5/4/2025,1124,2071,404,3.0,1845.48,15%,Debit
1784,5/4/2025,1165,2004,402,1.0,1669.05,50%,Debit
1785,5/4/2025,1069,2017,401,2.0,0,20%,Debit
1786,5/4/2025,1071,2084,402,0.0,281.85,20%,Credit
1787,5/4/2025,1184,2062,401,0.0,2477.44,20%,Cash
1788,5/4/2025,1021,2040,403,0.0,69.08,10%,Credit
1789,5/4/2025,1104,2046,401,3.0,167.15,75%,Credit
1790,5/4/2025,1185,2017,402,0.0,1854.8,20%,Credit
1791,5/4/2025,1146,2094,401,2.0,789.36,10%,Debit
1792,5/4/2025,1127,2011,402,0.0,409.74,50%,Debit
1793,5/4/2025,1197,2040,403,3.0,138.16,75%,Credit
1794,5/4/2025,1191,2095,402,3.0,1963.16,75%,Credit
1795,5/4/2025,1055,2018,401,1.0,488.03,10%,Credit
1796,5/4/2025,1054,2035,404,3.0,899.99,15%,Debit
1797,5/4/2025,1065,2075,401,3.0,3903.2,15%,Debit
1798,5/4/2025,1136,2047,401,2.0,267.98,10%,Credit
1799,5/4/2025,1139,2054,404,1.0,3241.84,10%,Cash
1800,5/4/2025,1071,2018,403,3.0,0,20%,Cash
1801,5/4/2025,1183,2047,403,0.0,1004.94,20%,Debit
1802,5/4/2025,1165,2077,401,0.0,1685.49,10%,Debit
1803,5/4/2025,1176,2085,402,2.0,581.16,50%,Debit
1804,5/4/2025,1141,2049,403,2.0,1503.74,25%,Debit
1805,5/4/2025,1175,2015,402,3.0,674.97,15%,Debit
1806,5/4/2025,1099,2001,404,2.0,0,10%,Credit
1807,5/4/2025,1077,2011,402,2.0,655.58,25%,Credit
1808,5/4/2025,1053,2020,404,2.0,601.33,20%,Debit
1809,5/4/2025,1196,2082,404,0.0,533.2,20%,Debit
1810,5/4/2025,1070,2010,404,3.0,311.36,20%,Credit
1811,5/4/2025,1188,2052,403,3.0,2925.04,75%,Debit
1812,5/4/2025,1025,2020,403,0.0,375.83,10%,Debit
1813,5/4/2025,1090,2053,403,3.0,1830.45,20%,Credit
1814,5/4/2025,1177,2003,401,1.0,346.66,25%,Credit
1815,5/4/2025,1161,2056,402,0.0,1049.44,10%,Cash
1816,5/4/2025,1102,2025,403,2.0,0,20%,Debit
1817,5/4/2025,1147,2010,401,1.0,70.06,75%,Debit
1818,5/4/2025,1063,2066,402,3.0,516.06,10%,Debit
1819,5/4/2025,1081,2057,404,1.0,786.56,50%,Credit
1820,5/4/2025,1066,2022,403,2.0,536.94,10%,Credit
1821,5/4/2025,1050,2010,404,2.0,62.27,10%,Credit
1822,5/4/2025,1046,2050,404,1.0,336.2,20%,Credit
1823,5/4/2025,1005,2002,402,0.0,3464,20%,Debit
1824,5/4/2025,1118,2025,403,1.0,0,75%,Credit
1825,5/4/2025,1012,2051,404,2.0,93.86,10%,Debit
1826,5/4/2025,1038,2011,403,1.0,1475.06,50%,Credit
1827,5/4/2025,1145,2015,401,3.0,2024.91,10%,Debit
1828,5/4/2025,1197,2058,404,0.0,666.75,20%,Cash
1829,5/4/2025,1057,2091,402,1.0,815.21,20%,Debit
1830,5/4/2025,1005,2034,403,3.0,544.68,20%,Debit
1831,5/4/2025,1097,2016,404,1.0,290.72,15%,Debit
1832,5/4/2025,1153,2027,403,1.0,698.25,10%,Debit
1833,5/4/2025,1107,2023,404,1.0,2536.76,20%,Cash
1834,5/4/2025,1007,2037,403,1.0,648.25,10%,Cash
1835,5/4/2025,1158,2057,402,2.0,699.17,10%,Credit
1836,5/4/2025,1149,2087,404,0.0,637.28,10%,Debit
1837,5/4/2025,1002,2060,402,2.0,326.7,20%,Debit
1838,5/4/2025,1177,2050,402,3.0,186.78,15%,Debit
1839,5/4/2025,1181,2054,403,0.0,1801.02,10%,Credit
1840,5/4/2025,1024,2071,401,0.0,615.16,10%,Debit
1841,5/4/2025,1085,2030,404,2.0,407.93,20%,Credit
1842,5/4/2025,1155,2085,401,0.0,726.45,20%,Debit
1843,5/4/2025,1064,2064,404,2.0,940.93,20%,Cash
1844,5/4/2025,1101,2085,403,1.0,217.94,10%,Debit
1845,5/4/2025,1143,2005,402,2.0,343.02,75%,Cash
1846,5/4/2025,1043,2064,404,2.0,235.23,10%,Debit
1847,5/4/2025,1119,2016,401,2.0,258.42,20%,Credit
1848,5/4/2025,1181,2067,404,1.0,523.71,10%,Debit
1849,5/4/2025,1066,2014,403,0.0,0,75%,Debit
1850,5/4/2025,1032,2063,403,2.0,441.97,10%,Credit
1851,5/4/2025,1110,2036,403,2.0,348.77,75%,Debit
1852,5/4/2025,1132,2040,404,1.0,124.34,15%,Credit
1853,5/4/2025,1080,2094,404,1.0,0,10%,Cash
1854,5/4/2025,1142,2084,404,0.0,0,15%,Debit
1855,5/4/2025,1048,2019,401,1.0,840.54,15%,Debit
1856,5/4/2025,1046,2004,404,2.0,741.8,15%,Debit
1857,5/4/2025,1041,2090,404,3.0,358.2,20%,Debit
1858,5/4/2025,1029,2063,401,3.0,1657.38,25%,Credit
1859,5/4/2025,1091,2090,404,3.0,214.92,10%,Credit
1860,5/4/2025,1126,2014,402,0.0,492.6,10%,Debit
1861,5/4/2025,1089,2011,402,2.0,1638.96,50%,Credit
1862,5/4/2025,1046,2021,403,1.0,2255.61,20%,Debit
1863,5/4/2025,1149,2000,402,3.0,4846.55,15%,Debit
1864,5/4/2025,1019,2031,404,0.0,1695.9,75%,Credit
1865,5/4/2025,1084,2003,403,0.0,0,20%,Debit
1866,5/4/2025,1100,2047,401,2.0,803.95,50%,Cash
1867,5/4/2025,1039,2003,401,3.0,1155.54,10%,Debit
1868,5/4/2025,1181,2084,404,3.0,1127.4,15%,Debit
1869,5/4/2025,1160,2034,401,2.0,326.81,50%,Credit
1870,5/4/2025,1011,2083,404,2.0,614.53,20%,Debit
1871,5/4/2025,1187,2093,402,1.0,680.35,20%,Debit
1872,5/4/2025,1012,2082,403,2.0,853.12,20%,Debit
1873,5/4/2025,1014,2095,401,3.0,0,10%,Debit
1874,5/4/2025,1023,2051,403,1.0,211.18,25%,Cash
1875,5/4/2025,1061,2098,404,0.0,2723.58,15%,Credit
1876,5/4/2025,1005,2026,402,3.0,211.56,25%,Debit
1877,5/4/2025,1199,2051,403,1.0,0,15%,Credit
1878,5/4/2025,1030,2038,404,3.0,3706.04,25%,Credit
1879,5/4/2025,1188,2039,402,2.0,1562.3,20%,Debit
1880,5/4/2025,1170,2012,403,1.0,560.87,75%,Cash
1881,5/4/2025,1125,2057,404,3.0,1310.94,10%,Debit
1882,5/4/2025,1068,2072,404,0.0,420.3,20%,Credit
1883,5/4/2025,1193,2054,403,1.0,0,50%,Cash
1884,5/4/2025,1111,2080,404,0.0,1664.52,10%,Cash
1885,5/4/2025,1010,2065,403,3.0,0,20%,Debit
1886,5/4/2025,1173,2028,402,3.0,2551.76,20%,Debit
1887,5/4/2025,1134,2080,401,2.0,1331.62,75%,Debit
1888,5/4/2025,1119,2055,401,3.0,269.7,20%,Debit
1889,5/4/2025,1076,2019,402,2.0,747.14,10%,Debit
1890,5/4/2025,1063,2066,404,2.0,0,75%,Debit
1891,5/4/2025,1145,2006,401,0.0,0,10%,Credit
1892,5/4/2025,1131,2013,404,3.0,4676.8,15%,Credit
1893,5/4/2025,1024,2059,403,2.0,0,75%,Cash
1894,5/4/2025,1065,2074,401,0.0,3297.5,20%,Debit
1895,5/4/2025,1029,2094,404,1.0,0,10%,Credit
1896,5/4/2025,1046,2050,401,0.0,560.34,75%,Debit
1897,5/4/2025,1106,2090,403,2.0,114.62,20%,Debit
1898,5/4/2025,1150,2092,404,3.0,482.21,20%,Debit
1899,5/4/2025,1159,2033,403,1.0,752.62,20%,Credit
1900,5/4/2025,1054,2023,401,2.0,751.63,75%,Cash
1901,5/4/2025,1172,2013,404,0.0,1870.72,20%,Credit
1902,5/4/2025,1001,2050,401,0.0,560.34,20%,Credit
1903,5/4/2025,1043,2083,404,3.0,2304.48,10%,Credit
1904,5/4/2025,1177,2051,404,2.0,281.57,50%,Debit
1905,5/4/2025,1158,2078,403,3.0,568.04,75%,Credit
1906,5/4/2025,1077,2011,402,1.0,368.77,10%,Cash
1907,5/4/2025,1003,2024,401,0.0,248.54,10%,Credit
1908,5/4/2025,1178,2024,401,1.0,223.69,15%,Debit
1909,5/4/2025,1123,2083,402,1.0,1382.69,25%,Credit
1910,5/4/2025,1111,2080,402,0.0,3329.04,20%,Cash
1911,5/4/2025,1077,2098,404,1.0,817.07,75%,Debit
1912,5/4/2025,1121,2054,401,0.0,0,20%,Debit
1913,5/4/2025,1042,2019,404,3.0,933.93,20%,Debit
1914,5/4/2025,1120,2002,404,1.0,1558.8,10%,Debit
1915,5/4/2025,1051,2037,404,0.0,0,15%,Credit
1916,5/4/2025,1085,2001,401,3.0,412.35,50%,Credit
1917,5/4/2025,1106,2063,403,0.0,0,50%,Debit
1918,5/4/2025,1124,2051,404,3.0,351.96,75%,Debit
1919,5/4/2025,1059,2091,401,0.0,1811.58,10%,Credit
1920,5/4/2025,1108,2073,403,0.0,1498.29,50%,Debit
1921,5/4/2025,1068,2082,404,3.0,0,75%,Cash
1922,5/4/2025,1029,2063,403,3.0,3314.76,10%,Credit
1923,5/4/2025,1178,2055,401,1.0,242.73,75%,Debit
1924,5/4/2025,1073,2092,402,3.0,482.21,10%,Debit
1925,5/4/2025,1088,2056,402,1.0,1888.99,20%,Credit
1926,5/4/2025,1150,2087,403,3.0,477.96,20%,Credit
1927,5/4/2025,1033,2037,404,3.0,1440.56,15%,Debit
1928,5/4/2025,1172,2083,403,3.0,2304.48,10%,Credit
1929,5/4/2025,1041,2079,402,2.0,2281.3,10%,Debit
1930,5/4/2025,1176,2095,401,3.0,1472.37,50%,Credit
1931,5/4/2025,1033,2022,402,1.0,1208.12,20%,Credit
1932,5/4/2025,1155,2062,401,3.0,1858.08,20%,Debit
1933,5/4/2025,1126,2038,402,1.0,1667.72,20%,Debit
1934,5/4/2025,1142,2006,401,2.0,0,25%,Debit
1935,5/4/2025,1066,2045,402,1.0,1123.7,25%,Debit
1936,5/4/2025,1128,2004,401,2.0,2967.2,10%,Cash
1937,5/4/2025,1110,2014,402,0.0,246.3,25%,Credit
1938,5/4/2025,1143,2028,404,2.0,1531.06,25%,Credit
1939,5/4/2025,1087,2045,401,2.0,0,75%,Debit
1940,5/4/2025,1038,2088,401,0.0,1418.7,10%,Credit
1941,5/4/2025,1112,2058,401,0.0,0,20%,Debit
1942,5/4/2025,1005,2078,401,0.0,426.03,25%,Cash
1943,5/4/2025,1129,2013,402,0.0,1870.72,75%,Debit
1944,5/4/2025,1052,2046,402,2.0,26.74,75%,Debit
1945,5/4/2025,1181,2056,404,0.0,0,75%,Cash
1946,5/4/2025,1039,2082,403,2.0,0,10%,Cash
1947,5/4/2025,1035,2015,402,3.0,3374.85,15%,Debit
1948,5/4/2025,1106,2098,401,1.0,1634.15,15%,Credit
1949,5/4/2025,1121,2043,403,1.0,1572.21,20%,Credit
1950,5/4/2025,1021,2034,403,3.0,544.68,15%,Cash
1951,5/4/2025,1092,2080,402,1.0,3745.17,25%,Credit
1952,5/4/2025,1192,2096,404,1.0,1814.89,20%,Debit
1953,5/4/2025,1035,2054,404,3.0,0,20%,Debit
1954,5/4/2025,1117,2066,403,0.0,0,20%,Cash
1955,5/4/2025,1113,2018,401,0.0,1084.52,10%,Cash
1956,5/4/2025,1021,2043,403,3.0,2620.35,15%,Credit
1957,5/4/2025,1197,2021,404,0.0,1670.82,20%,Debit
1958,5/4/2025,1100,2097,401,1.0,2273.67,15%,Debit
1959,5/4/2025,1147,2007,403,3.0,0,20%,Credit
1960,5/4/2025,1102,2087,403,2.0,0,20%,Debit
1961,5/4/2025,1088,2001,403,1.0,1113.34,20%,Cash
1962,5/4/2025,1179,2051,404,1.0,211.18,15%,Credit
1963,5/4/2025,1139,2079,404,2.0,2281.3,75%,Credit
1964,5/4/2025,1005,2083,404,1.0,691.34,10%,Cash
1965,5/4/2025,1077,2010,401,2.0,186.82,20%,Debit
1966,5/4/2025,1099,2092,402,2.0,1157.3,15%,Cash
1967,5/4/2025,1054,2011,403,2.0,327.79,10%,Debit
1968,5/4/2025,1193,2081,402,0.0,2238.66,20%,Debit
1969,5/4/2025,1007,2069,403,1.0,836.6,10%,Credit
1970,5/4/2025,1198,2038,404,0.0,1853.02,10%,Credit
1971,5/4/2025,1187,2007,403,2.0,466.71,50%,Debit
1972,5/4/2025,1160,2064,403,0.0,1176.16,20%,Debit
1973,5/4/2025,1012,2096,401,3.0,672.18,20%,Cash
1974,5/4/2025,1076,2073,401,3.0,499.43,10%,Debit
1975,5/4/2025,1086,2030,402,2.0,407.93,20%,Debit
1976,5/4/2025,1076,2036,402,3.0,217.98,10%,Cash
1977,5/4/2025,1133,2094,402,0.0,1973.4,15%,Cash
1978,5/4/2025,1083,2066,402,2.0,1238.54,20%,Debit
1979,5/4/2025,1116,2012,402,3.0,0,10%,Credit
1980,5/4/2025,1105,2010,401,0.0,155.68,25%,Debit
1981,5/4/2025,1108,2016,404,1.0,872.15,20%,Debit
1982,5/4/2025,1114,2009,403,3.0,198.93,10%,Credit
1983,5/4/2025,1150,2071,404,2.0,492.13,25%,Cash
1984,5/4/2025,1149,2063,404,3.0,2762.3,20%,Credit
1985,5/4/2025,1176,2062,404,1.0,557.42,75%,Cash
1986,5/4/2025,1036,2064,402,3.0,294.04,25%,Debit
1987,5/4/2025,1182,2058,402,0.0,0,15%,Cash
1988,5/4/2025,1177,2027,404,3.0,1034.44,15%,Debit
1989,5/4/2025,1008,2095,402,2.0,0,10%,Credit
1990,5/4/2025,1030,2077,404,0.0,1123.66,75%,Debit
1991,5/4/2025,1030,2047,403,0.0,334.98,75%,Debit
1992,5/4/2025,1133,2019,401,2.0,747.14,10%,Credit
1993,5/4/2025,1078,2047,403,2.0,535.97,50%,Debit
1994,5/4/2025,1124,2003,402,1.0,1386.65,20%,Cash
1995,5/4/2025,1005,2075,404,0.0,3122.56,20%,Debit
1996,5/4/2025,1078,2036,402,1.0,588.55,10%,Debit
1997,5/4/2025,1189,2062,401,0.0,2477.44,25%,Credit
1998,5/4/2025,1140,2044,401,0.0,207.58,25%,Credit
1999,5/4/2025,1106,2061,403,3.0,599.76,15%,Debit
2000,5/4/2025,1086,2048,404,1.0,321.87,10%,Debit
6,5/4/2025,1089,2028,401,0.0,1275.88,10%,Cash
